date,region,cases,recovered,deceased,population,active,active_per_10k,deceased_per_million,suceptible,removed
7/20/2020,La Paz,10190,821,169,2926996,9200,31.43154278,57.7383775,2916806,990
7/19/2020,La Paz,9655,797,162,2926996,8696,29.70964087,55.34684707,2917341,959
7/18/2020,La Paz,8922,742,157,2926996,8023,27.41035519,53.63861105,2918074,899
7/17/2020,La Paz,8209,704,155,2926996,7350,25.11106951,52.95531665,2918787,859
7/16/2020,La Paz,7976,636,145,2926996,7195,24.58151634,49.5388446,2919020,781
7/15/2020,La Paz,7662,625,139,2926996,6898,23.56682414,47.48896138,2919334,764
7/14/2020,La Paz,7402,594,134,2926996,6674,22.80153441,45.78072536,2919594,728
7/13/2020,La Paz,7124,561,133,2926996,6430,21.96791523,45.43907815,2919872,694
7/12/2020,La Paz,6703,533,131,2926996,6039,20.63207466,44.75578375,2920293,664
7/11/2020,La Paz,6366,496,127,2926996,5743,19.62079894,43.38919493,2920630,623
7/10/2020,La Paz,5704,464,116,2926996,5124,17.50600274,39.63107568,2921292,580
7/9/2020,La Paz,5376,433,114,2926996,4829,16.49814349,38.94778127,2921620,547
7/8/2020,La Paz,5151,430,110,2926996,4611,15.75335258,37.58119246,2921845,540
7/7/2020,La Paz,4876,425,109,2926996,4342,14.8343216,37.23954525,2922120,534
7/6/2020,La Paz,4685,418,107,2926996,4160,14.21252369,36.55625085,2922311,525
7/5/2020,La Paz,4205,411,107,2926996,3687,12.59653242,36.55625085,2922791,518
7/4/2020,La Paz,3872,400,100,2926996,3372,11.52034372,34.16472042,2923124,500
7/3/2020,La Paz,3634,396,93,2926996,3145,10.74480457,31.77318999,2923362,489
7/2/2020,La Paz,3397,394,93,2926996,2910,9.941933641,31.77318999,2923599,487
7/1/2020,La Paz,3241,394,84,2926996,2763,9.439712251,28.69836515,2923755,478
6/30/2020,La Paz,3029,391,82,2926996,2556,8.732502538,28.01507074,2923967,473
6/29/2020,La Paz,2967,388,82,2926996,2497,8.530930688,28.01507074,2924029,470
6/28/2020,La Paz,2882,382,76,2926996,2424,8.281528229,25.96518752,2924114,458
6/27/2020,La Paz,2774,376,74,2926996,2324,7.939881025,25.28189311,2924222,450
6/26/2020,La Paz,2580,368,69,2926996,2143,7.321499585,23.57365709,2924416,437
6/25/2020,La Paz,2373,365,68,2926996,1940,6.627955761,23.23200988,2924623,433
6/24/2020,La Paz,2161,360,65,2926996,1736,5.930995464,22.20706827,2924835,425
6/23/2020,La Paz,1966,351,64,2926996,1551,5.298948137,21.86542107,2925030,415
6/22/2020,La Paz,1918,351,63,2926996,1504,5.138373951,21.52377386,2925078,414
6/21/2020,La Paz,1780,345,63,2926996,1372,4.687399641,21.52377386,2925216,408
6/20/2020,La Paz,1545,332,55,2926996,1158,3.956274624,18.79059623,2925451,387
6/19/2020,La Paz,1469,332,54,2926996,1083,3.700039221,18.44894902,2925527,386
6/18/2020,La Paz,1386,330,53,2926996,1003,3.426721458,18.10730182,2925610,383
6/17/2020,La Paz,1298,324,51,2926996,923,3.153403694,17.42400741,2925698,375
6/16/2020,La Paz,1254,322,50,2926996,882,3.013328341,17.08236021,2925742,372
6/15/2020,La Paz,1213,322,50,2926996,841,2.873252987,17.08236021,2925783,372
6/14/2020,La Paz,1149,314,49,2926996,786,2.685347025,16.740713,2925847,363
6/13/2020,La Paz,1064,304,45,2926996,715,2.44277751,15.37412419,2925932,349
6/12/2020,La Paz,983,291,43,2926996,649,2.217290355,14.69082978,2926013,334
6/11/2020,La Paz,932,289,42,2926996,601,2.053299697,14.34918257,2926064,331
6/10/2020,La Paz,842,285,40,2926996,517,1.766316046,13.66588817,2926154,325
6/9/2020,La Paz,804,276,38,2926996,490,1.6740713,12.98259376,2926192,314
6/8/2020,La Paz,754,272,38,2926996,444,1.516913586,12.98259376,2926242,310
6/7/2020,La Paz,754,272,38,2926996,444,1.516913586,12.98259376,2926242,310
6/6/2020,La Paz,737,269,38,2926996,430,1.469082978,12.98259376,2926259,307
6/5/2020,La Paz,692,263,38,2926996,391,1.335840568,12.98259376,2926304,301
6/4/2020,La Paz,661,254,36,2926996,371,1.267511127,12.29929935,2926335,290
6/3/2020,La Paz,635,251,35,2926996,349,1.192348743,11.95765215,2926361,286
6/2/2020,La Paz,614,249,32,2926996,333,1.13768519,10.93271053,2926382,281
6/1/2020,La Paz,555,248,31,2926996,276,0.942946283,10.59106333,2926441,279
5/31/2020,La Paz,507,244,28,2926996,235,0.80287093,9.566121717,2926489,272
5/30/2020,La Paz,478,242,28,2926996,208,0.710626185,9.566121717,2926518,270
5/29/2020,La Paz,444,237,27,2926996,180,0.614964967,9.224474512,2926552,264
5/28/2020,La Paz,423,234,26,2926996,163,0.556884943,8.882827308,2926573,260
5/27/2020,La Paz,415,228,24,2926996,163,0.556884943,8.1995329,2926581,252
5/26/2020,La Paz,410,219,24,2926996,167,0.570550831,8.1995329,2926586,243
5/25/2020,La Paz,403,210,24,2926996,169,0.577383775,8.1995329,2926593,234
5/24/2020,La Paz,394,209,24,2926996,161,0.550051999,8.1995329,2926602,233
5/23/2020,La Paz,386,201,24,2926996,161,0.550051999,8.1995329,2926610,225
5/22/2020,La Paz,381,184,23,2926996,174,0.594466135,7.857885696,2926615,207
5/21/2020,La Paz,375,181,22,2926996,172,0.587633191,7.516238492,2926621,203
5/20/2020,La Paz,363,180,21,2926996,162,0.553468471,7.174591287,2926633,201
5/19/2020,La Paz,355,174,21,2926996,160,0.546635527,7.174591287,2926641,195
5/18/2020,La Paz,342,171,20,2926996,151,0.515887278,6.832944083,2926654,191
5/17/2020,La Paz,335,166,19,2926996,150,0.512470806,6.491296879,2926661,185
5/16/2020,La Paz,333,157,19,2926996,157,0.536386111,6.491296879,2926663,176
5/15/2020,La Paz,328,123,19,2926996,186,0.6354638,6.491296879,2926668,142
5/14/2020,La Paz,322,101,19,2926996,202,0.690127352,6.491296879,2926674,120
5/13/2020,La Paz,319,93,19,2926996,207,0.707209713,6.491296879,2926677,112
5/12/2020,La Paz,316,76,17,2926996,223,0.761873265,5.808002471,2926680,93
5/11/2020,La Paz,313,68,17,2926996,228,0.778955625,5.808002471,2926683,85
5/10/2020,La Paz,309,67,16,2926996,226,0.772122681,5.466355267,2926687,83
5/9/2020,La Paz,301,63,16,2926996,222,0.758456793,5.466355267,2926695,79
5/8/2020,La Paz,294,55,16,2926996,223,0.761873265,5.466355267,2926702,71
5/7/2020,La Paz,271,49,16,2926996,206,0.703793241,5.466355267,2926725,65
5/6/2020,La Paz,260,49,16,2926996,195,0.666212048,5.466355267,2926736,65
5/5/2020,La Paz,253,46,16,2926996,191,0.65254616,5.466355267,2926743,62
5/4/2020,La Paz,243,45,15,2926996,183,0.625214384,5.124708062,2926753,60
5/3/2020,La Paz,241,38,15,2926996,188,0.642296744,5.124708062,2926755,53
5/2/2020,La Paz,236,34,15,2926996,187,0.638880272,5.124708062,2926760,49
5/1/2020,La Paz,221,27,15,2926996,179,0.611548495,5.124708062,2926775,42
4/30/2020,La Paz,218,27,15,2926996,176,0.601299079,5.124708062,2926778,42
4/29/2020,La Paz,202,26,15,2926996,161,0.550051999,5.124708062,2926794,41
4/28/2020,La Paz,188,26,15,2926996,147,0.50222139,5.124708062,2926808,41
4/27/2020,La Paz,185,19,15,2926996,151,0.515887278,5.124708062,2926811,34
4/26/2020,La Paz,168,16,15,2926996,137,0.46805667,5.124708062,2926828,31
4/25/2020,La Paz,159,13,15,2926996,131,0.447557837,5.124708062,2926837,28
4/24/2020,La Paz,155,13,14,2926996,128,0.437308421,4.783060858,2926841,27
4/23/2020,La Paz,150,9,13,2926996,128,0.437308421,4.441413654,2926846,22
4/22/2020,La Paz,140,9,13,2926996,118,0.403143701,4.441413654,2926856,22
4/21/2020,La Paz,137,6,12,2926996,119,0.406560173,4.09976645,2926859,18
4/20/2020,La Paz,134,6,12,2926996,116,0.396310757,4.09976645,2926862,18
4/19/2020,La Paz,133,6,12,2926996,115,0.392894285,4.09976645,2926863,18
4/18/2020,La Paz,126,6,12,2926996,108,0.36897898,4.09976645,2926870,18
4/17/2020,La Paz,120,6,12,2926996,102,0.348480148,4.09976645,2926876,18
4/16/2020,La Paz,120,1,12,2926996,107,0.365562508,4.09976645,2926876,13
4/15/2020,La Paz,101,1,11,2926996,89,0.304066012,3.758119246,2926895,12
4/14/2020,La Paz,91,1,11,2926996,79,0.269901291,3.758119246,2926905,12
4/13/2020,La Paz,80,0,11,2926996,69,0.235736571,3.758119246,2926916,11
4/12/2020,La Paz,73,0,10,2926996,63,0.215237739,3.416472042,2926923,10
4/11/2020,La Paz,65,0,8,2926996,57,0.194738906,2.733177633,2926931,8
4/10/2020,La Paz,59,0,7,2926996,52,0.177656546,2.391530429,2926937,7
4/9/2020,La Paz,57,0,7,2926996,50,0.170823602,2.391530429,2926939,7
4/8/2020,La Paz,57,0,7,2926996,50,0.170823602,2.391530429,2926939,7
4/7/2020,La Paz,39,0,7,2926996,32,0.109327105,2.391530429,2926957,7
4/6/2020,La Paz,37,0,7,2926996,30,0.102494161,2.391530429,2926959,7
4/5/2020,La Paz,32,0,5,2926996,27,0.092244745,1.708236021,2926964,5
4/4/2020,La Paz,23,0,5,2926996,18,0.061496497,1.708236021,2926973,5
4/3/2020,La Paz,20,0,5,2926996,15,0.051247081,1.708236021,2926976,5
4/2/2020,La Paz,19,0,4,2926996,15,0.051247081,1.366588817,2926977,4
4/1/2020,La Paz,16,0,3,2926996,13,0.044414137,1.024941612,2926980,3
3/31/2020,La Paz,16,0,3,2926996,13,0.044414137,1.024941612,2926980,3
3/30/2020,La Paz,14,0,3,2926996,11,0.037581192,1.024941612,2926982,3
3/29/2020,La Paz,13,0,2,2926996,11,0.037581192,0.683294408,2926983,2
3/28/2020,La Paz,10,0,0,2926996,10,0.03416472,0,2926986,0
3/27/2020,La Paz,8,0,0,2926996,8,0.027331776,0,2926988,0
3/26/2020,La Paz,8,0,0,2926996,8,0.027331776,0,2926988,0
3/25/2020,La Paz,4,0,0,2926996,4,0.013665888,0,2926992,0
3/24/2020,La Paz,3,0,0,2926996,3,0.010249416,0,2926993,0
3/23/2020,La Paz,1,0,0,2926996,1,0.003416472,0,2926995,0
3/22/2020,La Paz,1,0,0,2926996,1,0.003416472,0,2926995,0
3/21/2020,La Paz,1,0,0,2926996,1,0.003416472,0,2926995,0
7/20/2020,Cochabamba,6526,1320,498,2028639,4708,23.20767766,245.4847807,2022113,1818
7/19/2020,Cochabamba,6406,1226,483,2028639,4697,23.15345411,238.0906608,2022233,1709
7/18/2020,Cochabamba,6277,1060,468,2028639,4749,23.4097836,230.6965409,2022362,1528
7/17/2020,Cochabamba,6045,986,453,2028639,4606,22.70487751,223.302421,2022594,1439
7/16/2020,Cochabamba,5926,774,437,2028639,4715,23.24218355,215.4153598,2022713,1211
7/15/2020,Cochabamba,5744,699,422,2028639,4623,22.78867753,208.0212399,2022895,1121
7/14/2020,Cochabamba,5468,615,412,2028639,4441,21.89152432,203.0918266,2023171,1027
7/13/2020,Cochabamba,5315,571,398,2028639,4346,21.42323006,196.190648,2023324,969
7/12/2020,Cochabamba,5188,504,385,2028639,4299,21.19154763,189.7824108,2023451,889
7/11/2020,Cochabamba,5014,446,365,2028639,4203,20.71832396,179.9235842,2023625,811
7/10/2020,Cochabamba,4915,410,346,2028639,4159,20.50142978,170.557699,2023724,756
7/9/2020,Cochabamba,4769,379,327,2028639,4063,20.0282061,161.1918138,2023870,706
7/8/2020,Cochabamba,4635,350,312,2028639,3973,19.58455891,153.7976939,2024004,662
7/7/2020,Cochabamba,4492,329,304,2028639,3859,19.0226058,149.8541633,2024147,633
7/6/2020,Cochabamba,4429,301,292,2028639,3836,18.90922929,143.9388674,2024210,593
7/5/2020,Cochabamba,4199,277,282,2028639,3640,17.94306429,139.0094541,2024440,559
7/4/2020,Cochabamba,4146,241,262,2028639,3643,17.95785253,129.1506276,2024493,503
7/3/2020,Cochabamba,4089,211,247,2028639,3631,17.89869957,121.7565077,2024550,458
7/2/2020,Cochabamba,3836,185,233,2028639,3418,16.84873455,114.8553291,2024803,418
7/1/2020,Cochabamba,3744,168,221,2028639,3355,16.53818151,108.9400332,2024895,389
6/30/2020,Cochabamba,3640,153,202,2028639,3285,16.19312258,99.57414799,2024999,355
6/29/2020,Cochabamba,3501,153,184,2028639,3164,15.59666358,90.70120411,2025138,337
6/28/2020,Cochabamba,3468,138,165,2028639,3165,15.60159299,81.3353189,2025171,303
6/27/2020,Cochabamba,3416,138,150,2028639,3128,15.4192047,73.941199,2025223,288
6/26/2020,Cochabamba,3233,123,140,2028639,2970,14.6403574,69.01178573,2025406,263
6/25/2020,Cochabamba,2970,117,136,2028639,2717,13.39321585,67.04002043,2025669,253
6/24/2020,Cochabamba,2920,100,130,2028639,2690,13.26012169,64.08237247,2025719,230
6/23/2020,Cochabamba,2775,95,125,2028639,2555,12.5946509,61.61766583,2025864,220
6/22/2020,Cochabamba,2612,94,114,2028639,2404,11.85030949,56.19531124,2026027,208
6/21/2020,Cochabamba,2551,94,107,2028639,2350,11.58412118,52.74472195,2026088,201
6/20/2020,Cochabamba,2360,94,101,2028639,2165,10.67217972,49.78707399,2026279,195
6/19/2020,Cochabamba,2302,94,98,2028639,2110,10.40106199,48.30825001,2026337,192
6/18/2020,Cochabamba,2179,86,97,2028639,1996,9.83910888,47.81530869,2026460,183
6/17/2020,Cochabamba,2041,81,94,2028639,1866,9.198285156,46.33648471,2026598,175
6/16/2020,Cochabamba,1915,78,88,2028639,1749,8.621543804,43.37883675,2026724,166
6/15/2020,Cochabamba,1878,78,83,2028639,1717,8.463802579,40.91413011,2026761,161
6/14/2020,Cochabamba,1723,76,78,2028639,1569,7.734249415,38.44942348,2026916,154
6/13/2020,Cochabamba,1537,76,75,2028639,1386,6.832166788,36.9705995,2027102,151
6/12/2020,Cochabamba,1441,76,66,2028639,1299,6.403307833,32.53412756,2027198,142
6/11/2020,Cochabamba,1369,76,60,2028639,1233,6.077966558,29.5764796,2027270,136
6/10/2020,Cochabamba,1297,71,57,2028639,1169,5.762484109,28.09765562,2027342,128
6/9/2020,Cochabamba,1231,71,57,2028639,1103,5.437142833,28.09765562,2027408,128
6/8/2020,Cochabamba,1097,71,52,2028639,974,4.801248522,25.63294899,2027542,123
6/7/2020,Cochabamba,1097,71,52,2028639,974,4.801248522,25.63294899,2027542,123
6/6/2020,Cochabamba,1022,71,52,2028639,899,4.431542527,25.63294899,2027617,123
6/5/2020,Cochabamba,960,71,51,2028639,838,4.130848318,25.14000766,2027679,122
6/4/2020,Cochabamba,898,71,49,2028639,778,3.835083522,24.15412501,2027741,120
6/3/2020,Cochabamba,851,64,45,2028639,742,3.657624644,22.1823597,2027788,109
6/2/2020,Cochabamba,786,64,39,2028639,683,3.366789261,19.22471174,2027853,103
6/1/2020,Cochabamba,714,60,34,2028639,620,3.056236225,16.76000511,2027925,94
5/31/2020,Cochabamba,611,60,23,2028639,528,2.602730205,11.33765051,2028028,83
5/30/2020,Cochabamba,556,60,23,2028639,473,2.331612475,11.33765051,2028083,83
5/29/2020,Cochabamba,488,60,21,2028639,407,2.0062712,10.35176786,2028151,81
5/28/2020,Cochabamba,419,60,19,2028639,340,1.676000511,9.365885207,2028220,79
5/27/2020,Cochabamba,376,60,18,2028639,298,1.468965153,8.87294388,2028263,78
5/26/2020,Cochabamba,345,60,18,2028639,267,1.316153342,8.87294388,2028294,78
5/25/2020,Cochabamba,339,55,18,2028639,266,1.311223929,8.87294388,2028300,73
5/24/2020,Cochabamba,329,55,13,2028639,261,1.286576863,6.408237247,2028310,68
5/23/2020,Cochabamba,295,55,13,2028639,227,1.118976812,6.408237247,2028344,68
5/22/2020,Cochabamba,285,55,11,2028639,219,1.079541505,5.422354593,2028354,66
5/21/2020,Cochabamba,266,55,11,2028639,200,0.985882653,5.422354593,2028373,66
5/20/2020,Cochabamba,259,55,11,2028639,193,0.95137676,5.422354593,2028380,66
5/19/2020,Cochabamba,246,55,11,2028639,180,0.887294388,5.422354593,2028393,66
5/18/2020,Cochabamba,228,50,10,2028639,168,0.828141429,4.929413267,2028411,60
5/17/2020,Cochabamba,224,50,9,2028639,165,0.813353189,4.43647194,2028415,59
5/16/2020,Cochabamba,214,50,9,2028639,155,0.764059056,4.43647194,2028425,59
5/15/2020,Cochabamba,196,50,9,2028639,137,0.675329618,4.43647194,2028443,59
5/14/2020,Cochabamba,170,45,8,2028639,117,0.576741352,3.943530613,2028469,53
5/13/2020,Cochabamba,148,45,8,2028639,95,0.46829426,3.943530613,2028491,53
5/12/2020,Cochabamba,130,45,7,2028639,78,0.384494235,3.450589287,2028509,52
5/11/2020,Cochabamba,109,45,6,2028639,58,0.285905969,2.95764796,2028530,51
5/10/2020,Cochabamba,104,40,6,2028639,58,0.285905969,2.95764796,2028535,46
5/9/2020,Cochabamba,95,40,6,2028639,49,0.24154125,2.95764796,2028544,46
5/8/2020,Cochabamba,90,40,6,2028639,44,0.216894184,2.95764796,2028549,46
5/7/2020,Cochabamba,82,33,6,2028639,43,0.21196477,2.95764796,2028557,39
5/6/2020,Cochabamba,82,33,6,2028639,43,0.21196477,2.95764796,2028557,39
5/5/2020,Cochabamba,82,33,6,2028639,43,0.21196477,2.95764796,2028557,39
5/4/2020,Cochabamba,82,25,6,2028639,51,0.251400077,2.95764796,2028557,31
5/3/2020,Cochabamba,81,25,6,2028639,50,0.246470663,2.95764796,2028558,31
5/2/2020,Cochabamba,81,25,6,2028639,50,0.246470663,2.95764796,2028558,31
5/1/2020,Cochabamba,80,25,6,2028639,49,0.24154125,2.95764796,2028559,31
4/30/2020,Cochabamba,80,22,6,2028639,52,0.25632949,2.95764796,2028559,28
4/29/2020,Cochabamba,80,22,6,2028639,52,0.25632949,2.95764796,2028559,28
4/28/2020,Cochabamba,79,22,6,2028639,51,0.251400077,2.95764796,2028560,28
4/27/2020,Cochabamba,78,22,6,2028639,50,0.246470663,2.95764796,2028561,28
4/26/2020,Cochabamba,78,13,6,2028639,59,0.290835383,2.95764796,2028561,19
4/25/2020,Cochabamba,71,13,6,2028639,52,0.25632949,2.95764796,2028568,19
4/24/2020,Cochabamba,70,13,6,2028639,51,0.251400077,2.95764796,2028569,19
4/23/2020,Cochabamba,66,13,6,2028639,47,0.231682424,2.95764796,2028573,19
4/22/2020,Cochabamba,63,13,6,2028639,44,0.216894184,2.95764796,2028576,19
4/21/2020,Cochabamba,62,13,6,2028639,43,0.21196477,2.95764796,2028577,19
4/20/2020,Cochabamba,61,13,6,2028639,42,0.207035357,2.95764796,2028578,19
4/19/2020,Cochabamba,61,7,5,2028639,49,0.24154125,2.464706633,2028578,12
4/18/2020,Cochabamba,60,7,4,2028639,49,0.24154125,1.971765307,2028579,11
4/17/2020,Cochabamba,60,7,4,2028639,49,0.24154125,1.971765307,2028579,11
4/16/2020,Cochabamba,59,7,4,2028639,48,0.236611837,1.971765307,2028580,11
4/15/2020,Cochabamba,59,0,4,2028639,55,0.27111773,1.971765307,2028580,4
4/14/2020,Cochabamba,57,0,4,2028639,53,0.261258903,1.971765307,2028582,4
4/13/2020,Cochabamba,54,0,4,2028639,50,0.246470663,1.971765307,2028585,4
4/12/2020,Cochabamba,52,0,4,2028639,48,0.236611837,1.971765307,2028587,4
4/11/2020,Cochabamba,49,0,4,2028639,45,0.221823597,1.971765307,2028590,4
4/10/2020,Cochabamba,48,0,2,2028639,46,0.22675301,0.985882653,2028591,2
4/9/2020,Cochabamba,48,0,2,2028639,46,0.22675301,0.985882653,2028591,2
4/8/2020,Cochabamba,47,0,2,2028639,45,0.221823597,0.985882653,2028592,2
4/7/2020,Cochabamba,38,0,2,2028639,36,0.177458878,0.985882653,2028601,2
4/6/2020,Cochabamba,33,0,2,2028639,31,0.152811811,0.985882653,2028606,2
4/5/2020,Cochabamba,33,0,1,2028639,32,0.157741225,0.492941327,2028606,1
4/4/2020,Cochabamba,25,0,0,2028639,25,0.123235332,0,2028614,0
4/3/2020,Cochabamba,24,0,0,2028639,24,0.118305918,0,2028615,0
4/2/2020,Cochabamba,22,0,0,2028639,22,0.108447092,0,2028617,0
4/1/2020,Cochabamba,21,0,0,2028639,21,0.103517679,0,2028618,0
3/31/2020,Cochabamba,20,0,0,2028639,20,0.098588265,0,2028619,0
3/30/2020,Cochabamba,20,0,0,2028639,20,0.098588265,0,2028619,0
3/29/2020,Cochabamba,18,0,0,2028639,18,0.088729439,0,2028621,0
3/28/2020,Cochabamba,14,0,0,2028639,14,0.069011786,0,2028625,0
3/27/2020,Cochabamba,14,0,0,2028639,14,0.069011786,0,2028625,0
3/26/2020,Cochabamba,10,0,0,2028639,10,0.049294133,0,2028629,0
3/25/2020,Cochabamba,3,0,0,2028639,3,0.01478824,0,2028636,0
3/24/2020,Cochabamba,3,0,0,2028639,3,0.01478824,0,2028636,0
3/23/2020,Cochabamba,3,0,0,2028639,3,0.01478824,0,2028636,0
3/22/2020,Cochabamba,3,0,0,2028639,3,0.01478824,0,2028636,0
3/21/2020,Cochabamba,2,0,0,2028639,2,0.009858827,0,2028637,0
7/20/2020,Santa Cruz,30309,15695,833,3370059,13781,40.89245915,247.1766815,3339750,16528
7/19/2020,Santa Cruz,29754,15547,814,3370059,13393,39.741144,241.538798,3340305,16361
7/18/2020,Santa Cruz,29484,15471,797,3370059,13216,39.21593064,236.4943759,3340575,16268
7/17/2020,Santa Cruz,28989,15352,778,3370059,12859,38.15660201,230.8564924,3341070,16130
7/16/2020,Santa Cruz,27744,14820,761,3370059,12163,36.09135626,225.8120704,3342315,15581
7/15/2020,Santa Cruz,26671,14324,756,3370059,11591,34.3940566,224.3284168,3343388,15080
7/14/2020,Santa Cruz,26124,13923,740,3370059,11461,34.00830668,219.5807254,3343935,14663
7/13/2020,Santa Cruz,25260,13515,733,3370059,11012,32.67598579,217.5036105,3344799,14248
7/12/2020,Santa Cruz,24900,13177,709,3370059,11014,32.68192041,210.3820734,3345159,13886
7/11/2020,Santa Cruz,24625,12801,700,3370059,11124,33.00832419,207.711497,3345434,13501
7/10/2020,Santa Cruz,24025,12474,687,3370059,10864,32.23682434,203.8539978,3346034,13161
7/9/2020,Santa Cruz,23411,11987,661,3370059,10763,31.93712632,196.1389993,3346648,12648
7/8/2020,Santa Cruz,22926,11554,638,3370059,10734,31.85107442,189.314193,3347133,12192
7/7/2020,Santa Cruz,22398,11137,614,3370059,10647,31.5929187,182.192656,3347661,11751
7/6/2020,Santa Cruz,21953,10725,591,3370059,10637,31.56324563,175.3678496,3348106,11316
7/5/2020,Santa Cruz,21752,10498,573,3370059,10681,31.69380714,170.0266969,3348307,11071
7/4/2020,Santa Cruz,21190,10154,551,3370059,10485,31.11221495,163.4986212,3348869,10705
7/3/2020,Santa Cruz,20558,9688,527,3370059,10343,30.69085734,156.3770842,3349501,10215
7/2/2020,Santa Cruz,19991,9314,506,3370059,10171,30.18048052,150.1457393,3350068,9820
7/1/2020,Santa Cruz,19257,8832,477,3370059,9948,29.51877104,141.5405487,3350802,9309
6/30/2020,Santa Cruz,18881,8431,455,3370059,9995,29.65823447,135.0124731,3351178,8886
6/29/2020,Santa Cruz,18211,8059,431,3370059,9721,28.84519232,127.890936,3351848,8490
6/28/2020,Santa Cruz,17873,7669,412,3370059,9792,29.05587113,122.2530525,3352186,8081
6/27/2020,Santa Cruz,17455,7332,396,3370059,9727,28.86299617,117.5053612,3352604,7728
6/26/2020,Santa Cruz,16777,6945,381,3370059,9451,28.04401941,113.0544005,3353282,7326
6/25/2020,Santa Cruz,16555,6558,373,3370059,9624,28.55736354,110.6805549,3353504,6931
6/24/2020,Santa Cruz,15984,6046,365,3370059,9573,28.40603087,108.3067092,3354075,6411
6/23/2020,Santa Cruz,15442,5589,351,3370059,9502,28.19535207,104.1524792,3354617,5940
6/22/2020,Santa Cruz,15067,5157,348,3370059,9562,28.3733905,103.2622871,3354992,5505
6/21/2020,Santa Cruz,14499,4778,327,3370059,9394,27.8748829,97.03094219,3355560,5105
6/20/2020,Santa Cruz,14165,4427,322,3370059,9416,27.94016366,95.54728864,3355894,4749
6/19/2020,Santa Cruz,13539,4019,313,3370059,9207,27.31999647,92.87671225,3356520,4332
6/18/2020,Santa Cruz,12988,3680,307,3370059,9001,26.70873121,91.09632799,3357071,3987
6/17/2020,Santa Cruz,12725,3379,303,3370059,9043,26.83335811,89.90940515,3357334,3682
6/16/2020,Santa Cruz,12366,3142,298,3370059,8926,26.48618318,88.4257516,3357693,3440
6/15/2020,Santa Cruz,11741,2824,287,3370059,8630,25.60786028,85.16171379,3358318,3111
6/14/2020,Santa Cruz,11424,2520,283,3370059,8621,25.58115451,83.97479095,3358635,2803
6/13/2020,Santa Cruz,11154,2185,270,3370059,8699,25.81260447,80.11729172,3358905,2455
6/12/2020,Santa Cruz,10536,1867,265,3370059,8404,24.93724887,78.63363816,3359523,2132
6/11/2020,Santa Cruz,10127,1819,250,3370059,8058,23.91056062,74.18267751,3359932,2069
6/10/2020,Santa Cruz,9594,1722,243,3370059,7629,22.63758587,72.10556254,3360465,1965
6/9/2020,Santa Cruz,9224,1673,231,3370059,7320,21.72068798,68.54479402,3360835,1904
6/8/2020,Santa Cruz,8676,1580,221,3370059,6875,20.40023632,65.57748692,3361383,1801
6/7/2020,Santa Cruz,8676,1580,221,3370059,6875,20.40023632,65.57748692,3361383,1801
6/6/2020,Santa Cruz,8556,1406,214,3370059,6936,20.58124205,63.50037195,3361503,1620
6/5/2020,Santa Cruz,8144,1253,194,3370059,6697,19.87205565,57.56575775,3361915,1447
6/4/2020,Santa Cruz,7952,1185,192,3370059,6575,19.51004419,56.97229633,3362107,1377
6/3/2020,Santa Cruz,7637,1048,189,3370059,6400,18.99076544,56.0821042,3362422,1237
6/2/2020,Santa Cruz,7235,843,184,3370059,6208,18.42104248,54.59845065,3362824,1027
6/1/2020,Santa Cruz,7018,688,164,3370059,6166,18.29641558,48.66383645,3363041,852
5/31/2020,Santa Cruz,6711,541,149,3370059,6021,17.86615605,44.2128758,3363348,690
5/30/2020,Santa Cruz,6542,448,149,3370059,5945,17.64064071,44.2128758,3363517,597
5/29/2020,Santa Cruz,5946,323,146,3370059,5477,16.25194099,43.32268367,3364113,469
5/28/2020,Santa Cruz,5774,319,144,3370059,5311,15.75936801,42.72922225,3364285,463
5/27/2020,Santa Cruz,5366,276,138,3370059,4952,14.69410476,40.94883799,3364693,414
5/26/2020,Santa Cruz,4888,273,135,3370059,4480,13.29353581,40.05864586,3365171,408
5/25/2020,Santa Cruz,4527,258,128,3370059,4141,12.2876187,37.98153089,3365532,386
5/24/2020,Santa Cruz,4199,248,123,3370059,3828,11.35885158,36.49787734,3365860,371
5/23/2020,Santa Cruz,3900,244,117,3370059,3539,10.50129983,34.71749308,3366159,361
5/22/2020,Santa Cruz,3665,227,111,3370059,3327,9.872230724,32.93710882,3366394,338
5/21/2020,Santa Cruz,3414,225,107,3370059,3082,9.145240484,31.75018598,3366645,332
5/20/2020,Santa Cruz,3241,219,97,3370059,2925,8.679373269,28.78287888,3366818,316
5/19/2020,Santa Cruz,2982,208,95,3370059,2679,7.949415722,28.18941746,3367077,303
5/18/2020,Santa Cruz,2894,187,88,3370059,2619,7.771377296,26.11230248,3367165,275
5/17/2020,Santa Cruz,2763,186,87,3370059,2490,7.38859468,25.81557177,3367296,273
5/16/2020,Santa Cruz,2518,175,84,3370059,2259,6.70314674,24.92537964,3367541,259
5/15/2020,Santa Cruz,2297,175,83,3370059,2039,6.050339178,24.62864893,3367762,258
5/14/2020,Santa Cruz,2163,127,76,3370059,1960,5.815921917,22.55153396,3367896,203
5/13/2020,Santa Cruz,2041,125,72,3370059,1844,5.471714293,21.36461112,3368018,197
5/12/2020,Santa Cruz,1925,117,64,3370059,1744,5.174983583,18.99076544,3368134,181
5/11/2020,Santa Cruz,1823,111,60,3370059,1652,4.90199133,17.8038426,3368236,171
5/10/2020,Santa Cruz,1633,92,59,3370059,1482,4.397549123,17.50711189,3368426,151
5/9/2020,Santa Cruz,1537,87,56,3370059,1394,4.136426098,16.61691976,3368522,143
5/8/2020,Santa Cruz,1387,80,53,3370059,1254,3.721003104,15.72672763,3368672,133
5/7/2020,Santa Cruz,1318,80,52,3370059,1186,3.519226221,15.42999692,3368741,132
5/6/2020,Santa Cruz,1160,68,50,3370059,1042,3.091933999,14.8365355,3368899,118
5/5/2020,Santa Cruz,1083,68,46,3370059,969,2.87532058,13.64961266,3368976,114
5/4/2020,Santa Cruz,979,68,44,3370059,867,2.572655256,13.05615124,3369080,112
5/3/2020,Santa Cruz,904,67,40,3370059,797,2.364943759,11.8692284,3369155,107
5/2/2020,Santa Cruz,806,64,38,3370059,704,2.088984199,11.27576698,3369253,102
5/1/2020,Santa Cruz,693,50,34,3370059,609,1.807090024,10.08884414,3369366,84
4/30/2020,Santa Cruz,656,50,32,3370059,574,1.703234276,9.495382722,3369403,82
4/29/2020,Santa Cruz,615,44,29,3370059,542,1.608280449,8.605190592,3369444,73
4/28/2020,Santa Cruz,587,44,27,3370059,516,1.531130464,8.011729172,3369472,71
4/27/2020,Santa Cruz,553,39,25,3370059,489,1.451013172,7.418267751,3369506,64
4/26/2020,Santa Cruz,525,37,22,3370059,466,1.382765109,6.528075621,3369534,59
4/25/2020,Santa Cruz,489,14,20,3370059,455,1.350124731,5.934614201,3369570,34
4/24/2020,Santa Cruz,446,14,19,3370059,413,1.225497833,5.637883491,3369613,33
4/23/2020,Santa Cruz,385,14,19,3370059,352,1.044492099,5.637883491,3369674,33
4/22/2020,Santa Cruz,371,14,16,3370059,341,1.011851721,4.747691361,3369688,30
4/21/2020,Santa Cruz,324,10,14,3370059,300,0.89019213,4.154229941,3369735,24
4/20/2020,Santa Cruz,317,10,12,3370059,295,0.875355595,3.560768521,3369742,22
4/19/2020,Santa Cruz,290,10,12,3370059,268,0.795238303,3.560768521,3369769,22
4/18/2020,Santa Cruz,255,10,12,3370059,233,0.691382554,3.560768521,3369804,22
4/17/2020,Santa Cruz,237,10,12,3370059,215,0.637971027,3.560768521,3369822,22
4/16/2020,Santa Cruz,218,10,12,3370059,196,0.581592192,3.560768521,3369841,22
4/15/2020,Santa Cruz,215,5,11,3370059,199,0.590494113,3.264037811,3369844,16
4/14/2020,Santa Cruz,190,5,10,3370059,175,0.519278743,2.967307101,3369869,15
4/13/2020,Santa Cruz,177,5,10,3370059,162,0.48070375,2.967307101,3369882,15
4/12/2020,Santa Cruz,163,1,10,3370059,152,0.451030679,2.967307101,3369896,11
4/11/2020,Santa Cruz,147,1,10,3370059,136,0.403553766,2.967307101,3369912,11
4/10/2020,Santa Cruz,134,1,9,3370059,124,0.36794608,2.670576391,3369925,10
4/9/2020,Santa Cruz,130,1,9,3370059,120,0.356076852,2.670576391,3369929,10
4/8/2020,Santa Cruz,127,1,8,3370059,118,0.350142238,2.37384568,3369932,9
4/7/2020,Santa Cruz,103,1,5,3370059,97,0.287828789,1.48365355,3369956,6
4/6/2020,Santa Cruz,100,1,5,3370059,94,0.278926867,1.48365355,3369959,6
4/5/2020,Santa Cruz,97,1,5,3370059,91,0.270024946,1.48365355,3369962,6
4/4/2020,Santa Cruz,88,1,5,3370059,82,0.243319182,1.48365355,3369971,6
4/3/2020,Santa Cruz,74,1,5,3370059,68,0.201776883,1.48365355,3369985,6
4/2/2020,Santa Cruz,70,0,5,3370059,65,0.192874962,1.48365355,3369989,5
4/1/2020,Santa Cruz,68,0,5,3370059,63,0.186940347,1.48365355,3369991,5
3/31/2020,Santa Cruz,64,0,4,3370059,60,0.178038426,1.18692284,3369995,4
3/30/2020,Santa Cruz,59,0,3,3370059,56,0.166169198,0.89019213,3370000,3
3/29/2020,Santa Cruz,52,0,1,3370059,51,0.151332662,0.29673071,3370007,1
3/28/2020,Santa Cruz,44,0,0,3370059,44,0.130561512,0,3370015,0
3/27/2020,Santa Cruz,42,0,0,3370059,42,0.124626898,0,3370017,0
3/26/2020,Santa Cruz,34,0,0,3370059,34,0.100888441,0,3370025,0
3/25/2020,Santa Cruz,24,0,0,3370059,24,0.07121537,0,3370035,0
3/24/2020,Santa Cruz,18,0,0,3370059,18,0.053411528,0,3370041,0
3/23/2020,Santa Cruz,16,0,0,3370059,16,0.047476914,0,3370043,0
3/22/2020,Santa Cruz,15,0,0,3370059,15,0.044509607,0,3370044,0
3/21/2020,Santa Cruz,9,0,0,3370059,9,0.026705764,0,3370050,0
7/20/2020,Oruro,2244,371,153,551116,1720,31.20940056,277.618505,548872,524
7/19/2020,Oruro,2211,349,144,551116,1718,31.17311056,261.2880047,548905,493
7/18/2020,Oruro,2177,342,144,551116,1691,30.68319555,261.2880047,548939,486
7/17/2020,Oruro,2112,310,142,551116,1660,30.12070054,257.6590046,549004,452
7/16/2020,Oruro,2016,305,133,551116,1578,28.63281052,241.3285043,549100,438
7/15/2020,Oruro,1974,289,126,551116,1559,28.28805551,228.6270041,549142,415
7/14/2020,Oruro,1921,278,126,551116,1517,27.5259655,228.6270041,549195,404
7/13/2020,Oruro,1861,265,124,551116,1472,26.70944048,224.998004,549255,389
7/12/2020,Oruro,1786,255,120,551116,1411,25.60259546,217.7400039,549330,375
7/11/2020,Oruro,1701,231,110,551116,1360,24.67720044,199.5950036,549415,341
7/10/2020,Oruro,1635,225,110,551116,1300,23.58850042,199.5950036,549481,335
7/9/2020,Oruro,1546,225,105,551116,1216,22.0643204,190.5225034,549570,330
7/8/2020,Oruro,1491,222,103,551116,1166,21.15707038,186.8935034,549625,325
7/7/2020,Oruro,1380,200,95,551116,1085,19.68732535,172.3775031,549736,295
7/6/2020,Oruro,1283,200,87,551116,996,18.07242033,157.8615028,549833,287
7/5/2020,Oruro,1233,200,80,551116,953,17.29218531,145.1600026,549883,280
7/4/2020,Oruro,1189,200,80,551116,909,16.4938053,145.1600026,549927,280
7/3/2020,Oruro,1145,197,80,551116,868,15.74986028,145.1600026,549971,277
7/2/2020,Oruro,1093,194,77,551116,822,14.91519027,139.7165025,550023,271
7/1/2020,Oruro,1012,115,76,551116,821,14.89704527,137.9020025,550104,191
6/30/2020,Oruro,949,115,58,551116,776,14.08052025,105.2410019,550167,173
6/29/2020,Oruro,899,113,58,551116,728,13.20956024,105.2410019,550217,171
6/28/2020,Oruro,878,113,55,551116,710,12.88295023,99.7975018,550238,168
6/27/2020,Oruro,794,110,55,551116,629,11.41320521,99.7975018,550322,165
6/26/2020,Oruro,792,107,54,551116,631,11.44949521,97.98300176,550324,161
6/25/2020,Oruro,721,107,54,551116,560,10.16120018,97.98300176,550395,161
6/24/2020,Oruro,699,106,46,551116,547,9.925315179,83.4670015,550417,152
6/23/2020,Oruro,675,100,46,551116,529,9.598705173,83.4670015,550441,146
6/22/2020,Oruro,599,100,46,551116,453,8.219685148,83.4670015,550517,146
6/21/2020,Oruro,488,97,38,551116,353,6.405185115,68.95100124,550628,135
6/20/2020,Oruro,469,96,36,551116,337,6.11486511,65.32200118,550647,132
6/19/2020,Oruro,459,93,36,551116,330,5.987850108,65.32200118,550657,129
6/18/2020,Oruro,443,93,34,551116,316,5.733820103,61.69300111,550673,127
6/17/2020,Oruro,420,93,32,551116,295,5.352775096,58.06400105,550696,125
6/16/2020,Oruro,400,89,30,551116,281,5.098745092,54.43500098,550716,119
6/15/2020,Oruro,389,87,28,551116,274,4.971730089,50.80600091,550727,115
6/14/2020,Oruro,378,85,26,551116,267,4.844715087,47.17700085,550738,111
6/13/2020,Oruro,369,85,25,551116,259,4.699555085,45.36250082,550747,110
6/12/2020,Oruro,358,85,24,551116,249,4.518105081,43.54800078,550758,109
6/11/2020,Oruro,334,85,24,551116,225,4.082625073,43.54800078,550782,109
6/10/2020,Oruro,305,82,24,551116,199,3.610855065,43.54800078,550811,106
6/9/2020,Oruro,288,77,21,551116,190,3.447550062,38.10450069,550828,98
6/8/2020,Oruro,260,74,21,551116,165,2.993925054,38.10450069,550856,95
6/7/2020,Oruro,260,74,21,551116,165,2.993925054,38.10450069,550856,95
6/6/2020,Oruro,256,74,21,551116,161,2.921345053,38.10450069,550860,95
6/5/2020,Oruro,247,74,19,551116,154,2.79433005,34.47550062,550869,93
6/4/2020,Oruro,238,74,18,551116,146,2.649170048,32.66100059,550878,92
6/3/2020,Oruro,222,74,16,551116,132,2.395140043,29.03200052,550894,90
6/2/2020,Oruro,218,74,15,551116,129,2.340705042,27.21750049,550898,89
6/1/2020,Oruro,210,73,14,551116,123,2.23183504,25.40300046,550906,87
5/31/2020,Oruro,204,73,14,551116,117,2.122965038,25.40300046,550912,87
5/30/2020,Oruro,190,73,14,551116,103,1.868935034,25.40300046,550926,87
5/29/2020,Oruro,166,72,13,551116,81,1.469745026,23.58850042,550950,85
5/28/2020,Oruro,159,72,13,551116,74,1.342730024,23.58850042,550957,85
5/27/2020,Oruro,155,72,13,551116,70,1.270150023,23.58850042,550961,85
5/26/2020,Oruro,153,72,13,551116,68,1.233860022,23.58850042,550963,85
5/25/2020,Oruro,151,72,13,551116,66,1.197570022,23.58850042,550965,85
5/24/2020,Oruro,150,72,13,551116,65,1.179425021,23.58850042,550966,85
5/23/2020,Oruro,145,70,13,551116,62,1.12499002,23.58850042,550971,83
5/22/2020,Oruro,143,70,13,551116,60,1.08870002,23.58850042,550973,83
5/21/2020,Oruro,141,70,12,551116,59,1.070555019,21.77400039,550975,82
5/20/2020,Oruro,138,70,10,551116,58,1.052410019,18.14500033,550978,80
5/19/2020,Oruro,138,70,9,551116,59,1.070555019,16.33050029,550978,79
5/18/2020,Oruro,137,70,9,551116,58,1.052410019,16.33050029,550979,79
5/17/2020,Oruro,135,66,9,551116,60,1.08870002,16.33050029,550981,75
5/16/2020,Oruro,133,66,9,551116,58,1.052410019,16.33050029,550983,75
5/15/2020,Oruro,132,65,9,551116,58,1.052410019,16.33050029,550984,74
5/14/2020,Oruro,132,65,9,551116,58,1.052410019,16.33050029,550984,74
5/13/2020,Oruro,128,58,9,551116,61,1.10684502,16.33050029,550988,67
5/12/2020,Oruro,128,57,9,551116,62,1.12499002,16.33050029,550988,66
5/11/2020,Oruro,124,57,9,551116,58,1.052410019,16.33050029,550992,66
5/10/2020,Oruro,124,57,9,551116,58,1.052410019,16.33050029,550992,66
5/9/2020,Oruro,121,52,9,551116,60,1.08870002,16.33050029,550995,61
5/8/2020,Oruro,116,48,8,551116,60,1.08870002,14.51600026,551000,56
5/7/2020,Oruro,115,45,8,551116,62,1.12499002,14.51600026,551001,53
5/6/2020,Oruro,113,36,7,551116,70,1.270150023,12.70150023,551003,43
5/5/2020,Oruro,113,28,7,551116,78,1.415310025,12.70150023,551003,35
5/4/2020,Oruro,111,28,7,551116,76,1.379020025,12.70150023,551005,35
5/3/2020,Oruro,111,28,7,551116,76,1.379020025,12.70150023,551005,35
5/2/2020,Oruro,111,28,6,551116,77,1.397165025,10.8870002,551005,34
5/1/2020,Oruro,107,10,6,551116,91,1.65119503,10.8870002,551009,16
4/30/2020,Oruro,102,10,6,551116,86,1.560470028,10.8870002,551014,16
4/29/2020,Oruro,102,10,6,551116,86,1.560470028,10.8870002,551014,16
4/28/2020,Oruro,92,10,4,551116,78,1.415310025,7.258000131,551024,14
4/27/2020,Oruro,92,10,4,551116,78,1.415310025,7.258000131,551024,14
4/26/2020,Oruro,79,8,4,551116,67,1.215715022,7.258000131,551037,12
4/25/2020,Oruro,65,8,2,551116,55,0.997975018,3.629000065,551051,10
4/24/2020,Oruro,65,8,2,551116,55,0.997975018,3.629000065,551051,10
4/23/2020,Oruro,62,8,2,551116,52,0.943540017,3.629000065,551054,10
4/22/2020,Oruro,59,8,2,551116,49,0.889105016,3.629000065,551057,10
4/21/2020,Oruro,49,8,2,551116,39,0.707655013,3.629000065,551067,10
4/20/2020,Oruro,49,8,2,551116,39,0.707655013,3.629000065,551067,10
4/19/2020,Oruro,45,8,2,551116,35,0.635075011,3.629000065,551071,10
4/18/2020,Oruro,45,8,2,551116,35,0.635075011,3.629000065,551071,10
4/17/2020,Oruro,42,8,2,551116,32,0.58064001,3.629000065,551074,10
4/16/2020,Oruro,38,8,2,551116,28,0.508060009,3.629000065,551078,10
4/15/2020,Oruro,37,8,2,551116,27,0.489915009,3.629000065,551079,10
4/14/2020,Oruro,30,1,2,551116,27,0.489915009,3.629000065,551086,3
4/13/2020,Oruro,14,1,2,551116,11,0.199595004,3.629000065,551102,3
4/12/2020,Oruro,13,1,2,551116,10,0.181450003,3.629000065,551103,3
4/11/2020,Oruro,11,1,1,551116,9,0.163305003,1.814500033,551105,2
4/10/2020,Oruro,9,0,1,551116,8,0.145160003,1.814500033,551107,1
4/9/2020,Oruro,8,1,0,551116,7,0.127015002,0,551108,1
4/8/2020,Oruro,8,1,0,551116,7,0.127015002,0,551108,1
4/7/2020,Oruro,8,1,0,551116,7,0.127015002,0,551108,1
4/6/2020,Oruro,8,1,0,551116,7,0.127015002,0,551108,1
4/5/2020,Oruro,8,1,0,551116,7,0.127015002,0,551108,1
4/4/2020,Oruro,8,1,0,551116,7,0.127015002,0,551108,1
4/3/2020,Oruro,8,1,0,551116,7,0.127015002,0,551108,1
4/2/2020,Oruro,8,1,0,551116,7,0.127015002,0,551108,1
4/1/2020,Oruro,8,1,0,551116,7,0.127015002,0,551108,1
3/31/2020,Oruro,8,0,0,551116,8,0.145160003,0,551108,0
3/30/2020,Oruro,8,0,0,551116,8,0.145160003,0,551108,0
3/29/2020,Oruro,8,0,0,551116,8,0.145160003,0,551108,0
3/28/2020,Oruro,8,0,0,551116,8,0.145160003,0,551108,0
3/27/2020,Oruro,8,0,0,551116,8,0.145160003,0,551108,0
3/26/2020,Oruro,8,0,0,551116,8,0.145160003,0,551108,0
3/25/2020,Oruro,8,0,0,551116,8,0.145160003,0,551108,0
3/24/2020,Oruro,8,0,0,551116,8,0.145160003,0,551108,0
3/23/2020,Oruro,8,0,0,551116,8,0.145160003,0,551108,0
3/22/2020,Oruro,8,0,0,551116,8,0.145160003,0,551108,0
3/21/2020,Oruro,8,0,0,551116,8,0.145160003,0,551108,0
7/20/2020,Potosí,1188,103,39,901555,1046,11.60217624,43.2585921,900367,142
7/19/2020,Potosí,1172,103,37,901555,1032,11.44688899,41.04020276,900383,140
7/18/2020,Potosí,1097,101,35,901555,961,10.65936077,38.82181342,900458,136
7/17/2020,Potosí,1086,99,35,901555,952,10.55953325,38.82181342,900469,134
7/16/2020,Potosí,1060,82,34,901555,944,10.47079768,37.71261875,900495,116
7/15/2020,Potosí,1000,82,33,901555,885,9.816372823,36.60342408,900555,115
7/14/2020,Potosí,969,82,33,901555,854,9.472522475,36.60342408,900586,115
7/13/2020,Potosí,919,82,33,901555,804,8.91792514,36.60342408,900636,115
7/12/2020,Potosí,895,82,33,901555,780,8.65171842,36.60342408,900660,115
7/11/2020,Potosí,858,82,31,901555,745,8.263500286,34.38503475,900697,113
7/10/2020,Potosí,847,80,31,901555,736,8.163672765,34.38503475,900708,111
7/9/2020,Potosí,844,75,29,901555,740,8.208040552,32.16664541,900711,104
7/8/2020,Potosí,831,74,25,901555,732,8.119304979,27.72986673,900724,99
7/7/2020,Potosí,801,70,25,901555,706,7.830914365,27.72986673,900754,95
7/6/2020,Potosí,782,53,25,901555,704,7.808730471,27.72986673,900773,78
7/5/2020,Potosí,761,52,25,901555,684,7.586891537,27.72986673,900794,77
7/4/2020,Potosí,758,52,24,901555,682,7.564707644,26.62067206,900797,76
7/3/2020,Potosí,728,52,23,901555,653,7.24304119,25.51147739,900827,75
7/2/2020,Potosí,720,51,22,901555,647,7.17648951,24.40228272,900835,73
7/1/2020,Potosí,689,51,20,901555,618,6.854823056,22.18389338,900866,71
6/30/2020,Potosí,674,51,19,901555,604,6.699535802,21.07469871,900881,70
6/29/2020,Potosí,664,50,19,901555,595,6.599708282,21.07469871,900891,69
6/28/2020,Potosí,641,50,19,901555,572,6.344593508,21.07469871,900914,69
6/27/2020,Potosí,603,40,17,901555,546,6.056202894,18.85630938,900952,57
6/26/2020,Potosí,589,40,17,901555,532,5.90091564,18.85630938,900966,57
6/25/2020,Potosí,588,40,17,901555,531,5.889823694,18.85630938,900967,57
6/24/2020,Potosí,576,40,15,901555,521,5.778904227,16.63792004,900979,55
6/23/2020,Potosí,560,35,15,901555,510,5.656892813,16.63792004,900995,50
6/22/2020,Potosí,546,35,13,901555,498,5.523789453,14.4195307,901009,48
6/21/2020,Potosí,428,35,13,901555,380,4.214939743,14.4195307,901127,48
6/20/2020,Potosí,424,35,13,901555,376,4.170571956,14.4195307,901131,48
6/19/2020,Potosí,407,35,10,901555,362,4.015284703,11.09194669,901148,45
6/18/2020,Potosí,378,35,9,901555,334,3.704710195,9.982752023,901177,44
6/17/2020,Potosí,378,35,9,901555,334,3.704710195,9.982752023,901177,44
6/16/2020,Potosí,361,35,9,901555,317,3.516147101,9.982752023,901194,44
6/15/2020,Potosí,343,35,8,901555,300,3.327584008,8.873557354,901212,43
6/14/2020,Potosí,331,34,8,901555,289,3.205572594,8.873557354,901224,42
6/13/2020,Potosí,295,34,8,901555,253,2.806262513,8.873557354,901260,42
6/12/2020,Potosí,274,31,8,901555,235,2.606607473,8.873557354,901281,39
6/11/2020,Potosí,268,31,7,901555,230,2.551147739,7.764362684,901287,38
6/10/2020,Potosí,205,31,6,901555,168,1.863447044,6.655168015,901350,37
6/9/2020,Potosí,200,31,4,901555,165,1.830171204,4.436778677,901355,35
6/8/2020,Potosí,183,31,3,901555,149,1.652700057,3.327584008,901372,34
6/7/2020,Potosí,183,31,3,901555,149,1.652700057,3.327584008,901372,34
6/6/2020,Potosí,171,31,3,901555,137,1.519596697,3.327584008,901384,34
6/5/2020,Potosí,147,31,3,901555,113,1.253389976,3.327584008,901408,34
6/4/2020,Potosí,119,28,3,901555,88,0.976091309,3.327584008,901436,31
6/3/2020,Potosí,98,28,3,901555,67,0.743160428,3.327584008,901457,31
6/2/2020,Potosí,93,28,1,901555,64,0.709884588,1.109194669,901462,29
6/1/2020,Potosí,70,28,1,901555,41,0.454769814,1.109194669,901485,29
5/31/2020,Potosí,68,28,1,901555,39,0.432585921,1.109194669,901487,29
5/30/2020,Potosí,48,28,1,901555,19,0.210746987,1.109194669,901507,29
5/29/2020,Potosí,48,20,1,901555,27,0.299482561,1.109194669,901507,21
5/28/2020,Potosí,46,20,1,901555,25,0.277298667,1.109194669,901509,21
5/27/2020,Potosí,44,20,1,901555,23,0.255114774,1.109194669,901511,21
5/26/2020,Potosí,44,20,1,901555,23,0.255114774,1.109194669,901511,21
5/25/2020,Potosí,44,20,1,901555,23,0.255114774,1.109194669,901511,21
5/24/2020,Potosí,42,17,1,901555,24,0.266206721,1.109194669,901513,18
5/23/2020,Potosí,41,11,1,901555,29,0.321666454,1.109194669,901514,12
5/22/2020,Potosí,41,11,1,901555,29,0.321666454,1.109194669,901514,12
5/21/2020,Potosí,41,11,1,901555,29,0.321666454,1.109194669,901514,12
5/20/2020,Potosí,40,11,1,901555,28,0.310574507,1.109194669,901515,12
5/19/2020,Potosí,39,11,1,901555,27,0.299482561,1.109194669,901516,12
5/18/2020,Potosí,39,11,1,901555,27,0.299482561,1.109194669,901516,12
5/17/2020,Potosí,38,11,1,901555,26,0.288390614,1.109194669,901517,12
5/16/2020,Potosí,36,11,1,901555,24,0.266206721,1.109194669,901519,12
5/15/2020,Potosí,36,7,1,901555,28,0.310574507,1.109194669,901519,8
5/14/2020,Potosí,36,7,1,901555,28,0.310574507,1.109194669,901519,8
5/13/2020,Potosí,36,7,1,901555,28,0.310574507,1.109194669,901519,8
5/12/2020,Potosí,36,7,1,901555,28,0.310574507,1.109194669,901519,8
5/11/2020,Potosí,36,7,1,901555,28,0.310574507,1.109194669,901519,8
5/10/2020,Potosí,35,7,2,901555,26,0.288390614,2.218389338,901520,9
5/9/2020,Potosí,35,6,1,901555,28,0.310574507,1.109194669,901520,7
5/8/2020,Potosí,35,6,1,901555,28,0.310574507,1.109194669,901520,7
5/7/2020,Potosí,35,6,1,901555,28,0.310574507,1.109194669,901520,7
5/6/2020,Potosí,35,6,1,901555,28,0.310574507,1.109194669,901520,7
5/5/2020,Potosí,35,6,1,901555,28,0.310574507,1.109194669,901520,7
5/4/2020,Potosí,33,2,1,901555,30,0.332758401,1.109194669,901522,3
5/3/2020,Potosí,26,2,1,901555,23,0.255114774,1.109194669,901529,3
5/2/2020,Potosí,26,2,1,901555,23,0.255114774,1.109194669,901529,3
5/1/2020,Potosí,26,2,1,901555,23,0.255114774,1.109194669,901529,3
4/30/2020,Potosí,26,2,1,901555,23,0.255114774,1.109194669,901529,3
4/29/2020,Potosí,26,2,1,901555,23,0.255114774,1.109194669,901529,3
4/28/2020,Potosí,26,2,1,901555,23,0.255114774,1.109194669,901529,3
4/27/2020,Potosí,26,2,1,901555,23,0.255114774,1.109194669,901529,3
4/26/2020,Potosí,26,0,1,901555,25,0.277298667,1.109194669,901529,1
4/25/2020,Potosí,26,0,1,901555,25,0.277298667,1.109194669,901529,1
4/24/2020,Potosí,21,0,1,901555,20,0.221838934,1.109194669,901534,1
4/23/2020,Potosí,21,0,1,901555,20,0.221838934,1.109194669,901534,1
4/22/2020,Potosí,21,0,1,901555,20,0.221838934,1.109194669,901534,1
4/21/2020,Potosí,19,0,1,901555,18,0.19965504,1.109194669,901536,1
4/20/2020,Potosí,19,0,1,901555,18,0.19965504,1.109194669,901536,1
4/19/2020,Potosí,19,0,1,901555,18,0.19965504,1.109194669,901536,1
4/18/2020,Potosí,18,0,1,901555,17,0.188563094,1.109194669,901537,1
4/17/2020,Potosí,18,0,1,901555,17,0.188563094,1.109194669,901537,1
4/16/2020,Potosí,16,0,1,901555,15,0.1663792,1.109194669,901539,1
4/15/2020,Potosí,15,0,1,901555,14,0.155287254,1.109194669,901540,1
4/14/2020,Potosí,15,0,1,901555,14,0.155287254,1.109194669,901540,1
4/13/2020,Potosí,15,0,1,901555,14,0.155287254,1.109194669,901540,1
4/12/2020,Potosí,15,0,1,901555,14,0.155287254,1.109194669,901540,1
4/11/2020,Potosí,15,0,1,901555,14,0.155287254,1.109194669,901540,1
4/10/2020,Potosí,13,0,1,901555,12,0.13310336,1.109194669,901542,1
4/9/2020,Potosí,13,0,1,901555,12,0.13310336,1.109194669,901542,1
4/8/2020,Potosí,13,0,1,901555,12,0.13310336,1.109194669,901542,1
4/7/2020,Potosí,10,0,1,901555,9,0.09982752,1.109194669,901545,1
4/6/2020,Potosí,8,0,0,901555,8,0.088735574,0,901547,0
4/5/2020,Potosí,5,0,0,901555,5,0.055459733,0,901550,0
4/4/2020,Potosí,5,0,0,901555,5,0.055459733,0,901550,0
4/3/2020,Potosí,5,0,0,901555,5,0.055459733,0,901550,0
4/2/2020,Potosí,5,0,0,901555,5,0.055459733,0,901550,0
4/1/2020,Potosí,4,0,0,901555,4,0.044367787,0,901551,0
3/31/2020,Potosí,4,0,0,901555,4,0.044367787,0,901551,0
3/30/2020,Potosí,3,0,0,901555,3,0.03327584,0,901552,0
3/29/2020,Potosí,3,0,0,901555,3,0.03327584,0,901552,0
3/28/2020,Potosí,3,0,0,901555,3,0.03327584,0,901552,0
3/27/2020,Potosí,1,0,0,901555,1,0.011091947,0,901554,0
3/26/2020,Potosí,1,0,0,901555,1,0.011091947,0,901554,0
3/25/2020,Potosí,0,0,0,901555,0,0,0,901555,0
3/24/2020,Potosí,0,0,0,901555,0,0,0,901555,0
3/23/2020,Potosí,0,0,0,901555,0,0,0,901555,0
3/22/2020,Potosí,0,0,0,901555,0,0,0,901555,0
3/21/2020,Potosí,0,0,0,901555,0,0,0,901555,0
7/20/2020,Tarija,2561,159,69,583330,2333,39.99451425,118.2863902,580769,228
7/19/2020,Tarija,2483,137,63,583330,2283,39.1373665,108.0006171,580847,200
7/18/2020,Tarija,2347,107,62,583330,2178,37.33735621,106.2863216,580983,169
7/17/2020,Tarija,2028,78,56,583330,1894,32.46875696,96.00054857,581302,134
7/16/2020,Tarija,1873,49,54,583330,1770,30.34303053,92.57195755,581457,103
7/15/2020,Tarija,1743,49,52,583330,1642,28.14873228,89.14336653,581587,101
7/14/2020,Tarija,1660,49,49,583330,1562,26.77729587,84.00048,581670,98
7/13/2020,Tarija,1533,49,47,583330,1437,24.63442648,80.57188898,581797,96
7/12/2020,Tarija,1501,49,46,583330,1406,24.10299487,78.85759347,581829,95
7/11/2020,Tarija,1501,39,44,583330,1418,24.30871034,75.42900245,581829,83
7/10/2020,Tarija,1454,36,41,583330,1377,23.60584918,70.28611592,581876,77
7/9/2020,Tarija,1284,36,39,583330,1209,20.72583272,66.8575249,582046,75
7/8/2020,Tarija,1214,36,34,583330,1144,19.61154064,58.28604735,582116,70
7/7/2020,Tarija,1069,35,31,583330,1003,17.19438397,53.14316082,582261,66
7/6/2020,Tarija,1039,34,30,583330,975,16.71438123,51.42886531,582291,64
7/5/2020,Tarija,971,33,28,583330,910,15.60008914,48.00027429,582359,61
7/4/2020,Tarija,916,33,25,583330,858,14.70865548,42.85738776,582414,58
7/3/2020,Tarija,830,31,23,583330,776,13.30293316,39.42879674,582500,54
7/2/2020,Tarija,764,31,22,583330,711,12.18864108,37.71450123,582566,53
7/1/2020,Tarija,709,31,17,583330,661,11.33149332,29.14302367,582621,48
6/30/2020,Tarija,652,31,15,583330,606,10.38863079,25.71443265,582678,46
6/29/2020,Tarija,596,30,15,583330,551,9.445768262,25.71443265,582734,45
6/28/2020,Tarija,537,30,13,583330,494,8.468619821,22.28584163,582793,43
6/27/2020,Tarija,514,30,11,583330,473,8.108617764,18.85725061,582816,41
6/26/2020,Tarija,432,28,10,583330,394,6.75432431,17.1429551,582898,38
6/25/2020,Tarija,393,28,10,583330,355,6.085749061,17.1429551,582937,38
6/24/2020,Tarija,331,27,8,583330,296,5.07431471,13.71436408,582999,35
6/23/2020,Tarija,299,22,8,583330,269,4.611454923,13.71436408,583031,30
6/22/2020,Tarija,275,20,8,583330,247,4.23430991,13.71436408,583055,28
6/21/2020,Tarija,246,16,8,583330,222,3.805736033,13.71436408,583084,24
6/20/2020,Tarija,239,16,8,583330,215,3.685735347,13.71436408,583091,24
6/19/2020,Tarija,206,14,7,583330,185,3.171446694,12.00006857,583124,21
6/18/2020,Tarija,191,14,7,583330,170,2.914302367,12.00006857,583139,21
6/17/2020,Tarija,175,12,7,583330,156,2.674300996,12.00006857,583155,19
6/16/2020,Tarija,149,11,5,583330,133,2.280013029,8.571477551,583181,16
6/15/2020,Tarija,123,11,5,583330,107,1.834296196,8.571477551,583207,16
6/14/2020,Tarija,112,11,5,583330,96,1.64572369,8.571477551,583218,16
6/13/2020,Tarija,112,11,5,583330,96,1.64572369,8.571477551,583218,16
6/12/2020,Tarija,87,10,5,583330,72,1.234292767,8.571477551,583243,15
6/11/2020,Tarija,77,10,4,583330,63,1.080006171,6.857182041,583253,14
6/10/2020,Tarija,69,10,4,583330,55,0.942862531,6.857182041,583261,14
6/9/2020,Tarija,68,10,4,583330,54,0.925719576,6.857182041,583262,14
6/8/2020,Tarija,58,10,4,583330,44,0.754290025,6.857182041,583272,14
6/7/2020,Tarija,58,10,4,583330,44,0.754290025,6.857182041,583272,14
6/6/2020,Tarija,58,10,4,583330,44,0.754290025,6.857182041,583272,14
6/5/2020,Tarija,49,7,4,583330,38,0.651432294,6.857182041,583281,11
6/4/2020,Tarija,44,7,4,583330,33,0.565717518,6.857182041,583286,11
6/3/2020,Tarija,40,7,4,583330,29,0.497145698,6.857182041,583290,11
6/2/2020,Tarija,37,7,4,583330,26,0.445716833,6.857182041,583293,11
6/1/2020,Tarija,37,7,4,583330,26,0.445716833,6.857182041,583293,11
5/31/2020,Tarija,32,7,3,583330,22,0.377145012,5.142886531,583298,10
5/30/2020,Tarija,32,7,3,583330,22,0.377145012,5.142886531,583298,10
5/29/2020,Tarija,24,7,3,583330,14,0.240001371,5.142886531,583306,10
5/28/2020,Tarija,22,7,3,583330,12,0.205715461,5.142886531,583308,10
5/27/2020,Tarija,19,7,3,583330,9,0.154286596,5.142886531,583311,10
5/26/2020,Tarija,19,7,3,583330,9,0.154286596,5.142886531,583311,10
5/25/2020,Tarija,19,7,2,583330,10,0.171429551,3.428591021,583311,9
5/24/2020,Tarija,18,6,2,583330,10,0.171429551,3.428591021,583312,8
5/23/2020,Tarija,18,6,2,583330,10,0.171429551,3.428591021,583312,8
5/22/2020,Tarija,18,6,2,583330,10,0.171429551,3.428591021,583312,8
5/21/2020,Tarija,17,4,2,583330,11,0.188572506,3.428591021,583313,6
5/20/2020,Tarija,14,3,2,583330,9,0.154286596,3.428591021,583316,5
5/19/2020,Tarija,13,3,2,583330,8,0.137143641,3.428591021,583317,5
5/18/2020,Tarija,13,2,2,583330,9,0.154286596,3.428591021,583317,4
5/17/2020,Tarija,13,2,1,583330,10,0.171429551,1.71429551,583317,3
5/16/2020,Tarija,13,2,1,583330,10,0.171429551,1.71429551,583317,3
5/15/2020,Tarija,13,2,1,583330,10,0.171429551,1.71429551,583317,3
5/14/2020,Tarija,13,2,1,583330,10,0.171429551,1.71429551,583317,3
5/13/2020,Tarija,13,2,1,583330,10,0.171429551,1.71429551,583317,3
5/12/2020,Tarija,13,2,1,583330,10,0.171429551,1.71429551,583317,3
5/11/2020,Tarija,10,2,1,583330,7,0.120000686,1.71429551,583320,3
5/10/2020,Tarija,10,2,1,583330,7,0.120000686,1.71429551,583320,3
5/9/2020,Tarija,10,2,1,583330,7,0.120000686,1.71429551,583320,3
5/8/2020,Tarija,9,0,1,583330,8,0.137143641,1.71429551,583321,1
5/7/2020,Tarija,6,0,1,583330,5,0.085714776,1.71429551,583324,1
5/6/2020,Tarija,6,0,1,583330,5,0.085714776,1.71429551,583324,1
5/5/2020,Tarija,6,0,1,583330,5,0.085714776,1.71429551,583324,1
5/4/2020,Tarija,4,0,1,583330,3,0.051428865,1.71429551,583326,1
5/3/2020,Tarija,3,0,0,583330,3,0.051428865,0,583327,0
5/2/2020,Tarija,3,0,0,583330,3,0.051428865,0,583327,0
5/1/2020,Tarija,3,0,0,583330,3,0.051428865,0,583327,0
4/30/2020,Tarija,3,0,0,583330,3,0.051428865,0,583327,0
4/29/2020,Tarija,3,0,0,583330,3,0.051428865,0,583327,0
4/28/2020,Tarija,3,0,0,583330,3,0.051428865,0,583327,0
4/27/2020,Tarija,3,0,0,583330,3,0.051428865,0,583327,0
4/26/2020,Tarija,3,0,0,583330,3,0.051428865,0,583327,0
4/25/2020,Tarija,3,0,0,583330,3,0.051428865,0,583327,0
4/24/2020,Tarija,3,0,0,583330,3,0.051428865,0,583327,0
4/23/2020,Tarija,3,0,0,583330,3,0.051428865,0,583327,0
4/22/2020,Tarija,3,0,0,583330,3,0.051428865,0,583327,0
4/21/2020,Tarija,3,0,0,583330,3,0.051428865,0,583327,0
4/20/2020,Tarija,3,0,0,583330,3,0.051428865,0,583327,0
4/19/2020,Tarija,3,0,0,583330,3,0.051428865,0,583327,0
4/18/2020,Tarija,3,0,0,583330,3,0.051428865,0,583327,0
4/17/2020,Tarija,3,0,0,583330,3,0.051428865,0,583327,0
4/16/2020,Tarija,2,0,0,583330,2,0.03428591,0,583328,0
4/15/2020,Tarija,2,0,0,583330,2,0.03428591,0,583328,0
4/14/2020,Tarija,2,0,0,583330,2,0.03428591,0,583328,0
4/13/2020,Tarija,2,0,0,583330,2,0.03428591,0,583328,0
4/12/2020,Tarija,2,0,0,583330,2,0.03428591,0,583328,0
4/11/2020,Tarija,1,0,0,583330,1,0.017142955,0,583329,0
4/10/2020,Tarija,1,0,0,583330,1,0.017142955,0,583329,0
4/9/2020,Tarija,1,0,0,583330,1,0.017142955,0,583329,0
4/8/2020,Tarija,1,0,0,583330,1,0.017142955,0,583329,0
4/7/2020,Tarija,1,0,0,583330,1,0.017142955,0,583329,0
4/6/2020,Tarija,1,0,0,583330,1,0.017142955,0,583329,0
4/5/2020,Tarija,1,0,0,583330,1,0.017142955,0,583329,0
4/4/2020,Tarija,1,0,0,583330,1,0.017142955,0,583329,0
4/3/2020,Tarija,1,0,0,583330,1,0.017142955,0,583329,0
4/2/2020,Tarija,1,0,0,583330,1,0.017142955,0,583329,0
4/1/2020,Tarija,1,0,0,583330,1,0.017142955,0,583329,0
3/31/2020,Tarija,1,0,0,583330,1,0.017142955,0,583329,0
3/30/2020,Tarija,1,0,0,583330,1,0.017142955,0,583329,0
3/29/2020,Tarija,0,0,0,583330,0,0,0,583330,0
3/28/2020,Tarija,0,0,0,583330,0,0,0,583330,0
3/27/2020,Tarija,0,0,0,583330,0,0,0,583330,0
3/26/2020,Tarija,0,0,0,583330,0,0,0,583330,0
3/25/2020,Tarija,0,0,0,583330,0,0,0,583330,0
3/24/2020,Tarija,0,0,0,583330,0,0,0,583330,0
3/23/2020,Tarija,0,0,0,583330,0,0,0,583330,0
3/22/2020,Tarija,0,0,0,583330,0,0,0,583330,0
3/21/2020,Tarija,0,0,0,583330,0,0,0,583330,0
7/20/2020,Chuquisaca,1637,116,77,637013,1444,22.66829719,120.876654,635376,193
7/19/2020,Chuquisaca,1605,114,73,637013,1418,22.26014226,114.5973473,635408,187
7/18/2020,Chuquisaca,1588,97,68,637013,1423,22.33863359,106.7482139,635425,165
7/17/2020,Chuquisaca,1536,94,63,637013,1379,21.64790985,98.89908055,635477,157
7/16/2020,Chuquisaca,1490,68,61,637013,1361,21.36534105,95.7594272,635523,129
7/15/2020,Chuquisaca,1422,59,60,637013,1303,20.45484158,94.18960053,635591,119
7/14/2020,Chuquisaca,1374,59,60,637013,1255,19.70132478,94.18960053,635639,119
7/13/2020,Chuquisaca,1332,53,60,637013,1219,19.13618717,94.18960053,635681,113
7/12/2020,Chuquisaca,1332,53,60,637013,1219,19.13618717,94.18960053,635681,113
7/11/2020,Chuquisaca,1298,51,58,637013,1189,18.66523917,91.04994718,635715,109
7/10/2020,Chuquisaca,1165,44,56,637013,1065,16.71865409,87.91029382,635848,100
7/9/2020,Chuquisaca,1162,44,52,637013,1066,16.73435236,81.63098712,635851,96
7/8/2020,Chuquisaca,1099,44,50,637013,1005,15.77675809,78.49133377,635914,94
7/7/2020,Chuquisaca,1068,32,50,637013,986,15.47849102,78.49133377,635945,82
7/6/2020,Chuquisaca,1000,32,46,637013,922,14.47380195,72.21202707,636013,78
7/5/2020,Chuquisaca,967,32,45,637013,890,13.97145741,70.64220039,636046,77
7/4/2020,Chuquisaca,917,28,44,637013,845,13.26503541,69.07237372,636096,72
7/3/2020,Chuquisaca,852,28,43,637013,781,12.26034634,67.50254704,636161,71
7/2/2020,Chuquisaca,811,28,38,637013,745,11.69520873,59.65341367,636202,66
7/1/2020,Chuquisaca,766,23,37,637013,706,11.08297633,58.08358699,636247,60
6/30/2020,Chuquisaca,707,23,35,637013,649,10.18817512,54.94393364,636306,58
6/29/2020,Chuquisaca,644,23,32,637013,589,9.246279118,50.23445361,636369,55
6/28/2020,Chuquisaca,637,23,31,637013,583,9.152089518,48.66462694,636376,54
6/27/2020,Chuquisaca,578,23,30,637013,525,8.241590046,47.09480026,636435,53
6/26/2020,Chuquisaca,524,23,29,637013,472,7.409581908,45.52497359,636489,52
6/25/2020,Chuquisaca,470,22,29,637013,419,6.57757377,45.52497359,636543,51
6/24/2020,Chuquisaca,422,22,26,637013,374,5.871151766,40.81549356,636591,48
6/23/2020,Chuquisaca,382,21,22,637013,339,5.32171243,34.53618686,636631,43
6/22/2020,Chuquisaca,301,21,21,637013,259,4.065851089,32.96636018,636712,42
6/21/2020,Chuquisaca,301,19,21,637013,261,4.097247623,32.96636018,636712,40
6/20/2020,Chuquisaca,253,16,15,637013,222,3.485015219,23.54740013,636760,31
6/19/2020,Chuquisaca,196,16,14,637013,166,2.605912281,21.97757346,636817,30
6/18/2020,Chuquisaca,185,16,11,637013,158,2.480326147,17.26809343,636828,27
6/17/2020,Chuquisaca,134,15,9,637013,110,1.726809343,14.12844008,636879,24
6/16/2020,Chuquisaca,129,15,8,637013,106,1.664016276,12.5586134,636884,23
6/15/2020,Chuquisaca,117,15,6,637013,96,1.507033608,9.418960053,636896,21
6/14/2020,Chuquisaca,102,15,4,637013,83,1.302956141,6.279306702,636911,19
6/13/2020,Chuquisaca,100,15,3,637013,82,1.287257874,4.709480026,636913,18
6/12/2020,Chuquisaca,85,15,3,637013,67,1.051783873,4.709480026,636928,18
6/11/2020,Chuquisaca,74,15,3,637013,56,0.879102938,4.709480026,636939,18
6/10/2020,Chuquisaca,61,14,3,637013,44,0.690723737,4.709480026,636952,17
6/9/2020,Chuquisaca,43,14,2,637013,27,0.423853202,3.139653351,636970,16
6/8/2020,Chuquisaca,39,14,2,637013,23,0.361060135,3.139653351,636974,16
6/7/2020,Chuquisaca,39,14,2,637013,23,0.361060135,3.139653351,636974,16
6/6/2020,Chuquisaca,39,14,2,637013,23,0.361060135,3.139653351,636974,16
6/5/2020,Chuquisaca,38,14,2,637013,22,0.345361869,3.139653351,636975,16
6/4/2020,Chuquisaca,32,14,2,637013,16,0.251172268,3.139653351,636981,16
6/3/2020,Chuquisaca,31,14,2,637013,15,0.235474001,3.139653351,636982,16
6/2/2020,Chuquisaca,29,14,2,637013,13,0.204077468,3.139653351,636984,16
6/1/2020,Chuquisaca,28,14,2,637013,12,0.188379201,3.139653351,636985,16
5/31/2020,Chuquisaca,26,14,2,637013,10,0.156982668,3.139653351,636987,16
5/30/2020,Chuquisaca,25,12,2,637013,11,0.172680934,3.139653351,636988,14
5/29/2020,Chuquisaca,25,11,2,637013,12,0.188379201,3.139653351,636988,13
5/28/2020,Chuquisaca,25,11,2,637013,12,0.188379201,3.139653351,636988,13
5/27/2020,Chuquisaca,25,11,2,637013,12,0.188379201,3.139653351,636988,13
5/26/2020,Chuquisaca,22,11,2,637013,9,0.141284401,3.139653351,636991,13
5/25/2020,Chuquisaca,22,11,2,637013,9,0.141284401,3.139653351,636991,13
5/24/2020,Chuquisaca,21,11,2,637013,8,0.125586134,3.139653351,636992,13
5/23/2020,Chuquisaca,21,11,2,637013,8,0.125586134,3.139653351,636992,13
5/22/2020,Chuquisaca,19,11,2,637013,6,0.094189601,3.139653351,636994,13
5/21/2020,Chuquisaca,19,4,2,637013,13,0.204077468,3.139653351,636994,6
5/20/2020,Chuquisaca,19,4,2,637013,13,0.204077468,3.139653351,636994,6
5/19/2020,Chuquisaca,17,1,2,637013,14,0.219775735,3.139653351,636996,3
5/18/2020,Chuquisaca,17,1,2,637013,14,0.219775735,3.139653351,636996,3
5/17/2020,Chuquisaca,17,1,2,637013,14,0.219775735,3.139653351,636996,3
5/16/2020,Chuquisaca,16,1,2,637013,13,0.204077468,3.139653351,636997,3
5/15/2020,Chuquisaca,15,1,2,637013,12,0.188379201,3.139653351,636998,3
5/14/2020,Chuquisaca,15,1,2,637013,12,0.188379201,3.139653351,636998,3
5/13/2020,Chuquisaca,15,1,2,637013,12,0.188379201,3.139653351,636998,3
5/12/2020,Chuquisaca,15,1,2,637013,12,0.188379201,3.139653351,636998,3
5/11/2020,Chuquisaca,15,1,2,637013,12,0.188379201,3.139653351,636998,3
5/10/2020,Chuquisaca,15,0,1,637013,14,0.219775735,1.569826675,636998,1
5/9/2020,Chuquisaca,14,0,1,637013,13,0.204077468,1.569826675,636999,1
5/8/2020,Chuquisaca,11,0,1,637013,10,0.156982668,1.569826675,637002,1
5/7/2020,Chuquisaca,11,0,1,637013,10,0.156982668,1.569826675,637002,1
5/6/2020,Chuquisaca,6,0,1,637013,5,0.078491334,1.569826675,637007,1
5/5/2020,Chuquisaca,6,0,1,637013,5,0.078491334,1.569826675,637007,1
5/4/2020,Chuquisaca,5,0,1,637013,4,0.062793067,1.569826675,637008,1
5/3/2020,Chuquisaca,4,0,0,637013,4,0.062793067,0,637009,0
5/2/2020,Chuquisaca,4,0,0,637013,4,0.062793067,0,637009,0
5/1/2020,Chuquisaca,4,0,0,637013,4,0.062793067,0,637009,0
4/30/2020,Chuquisaca,3,0,0,637013,3,0.0470948,0,637010,0
4/29/2020,Chuquisaca,3,0,0,637013,3,0.0470948,0,637010,0
4/28/2020,Chuquisaca,3,0,0,637013,3,0.0470948,0,637010,0
4/27/2020,Chuquisaca,3,0,0,637013,3,0.0470948,0,637010,0
4/26/2020,Chuquisaca,2,0,0,637013,2,0.031396534,0,637011,0
4/25/2020,Chuquisaca,2,0,0,637013,2,0.031396534,0,637011,0
4/24/2020,Chuquisaca,2,0,0,637013,2,0.031396534,0,637011,0
4/23/2020,Chuquisaca,2,0,0,637013,2,0.031396534,0,637011,0
4/22/2020,Chuquisaca,1,0,0,637013,1,0.015698267,0,637012,0
4/21/2020,Chuquisaca,1,0,0,637013,1,0.015698267,0,637012,0
4/20/2020,Chuquisaca,1,0,0,637013,1,0.015698267,0,637012,0
4/19/2020,Chuquisaca,1,0,0,637013,1,0.015698267,0,637012,0
4/18/2020,Chuquisaca,1,0,0,637013,1,0.015698267,0,637012,0
4/17/2020,Chuquisaca,1,0,0,637013,1,0.015698267,0,637012,0
4/16/2020,Chuquisaca,1,0,0,637013,1,0.015698267,0,637012,0
4/15/2020,Chuquisaca,1,0,0,637013,1,0.015698267,0,637012,0
4/14/2020,Chuquisaca,1,0,0,637013,1,0.015698267,0,637012,0
4/13/2020,Chuquisaca,1,0,0,637013,1,0.015698267,0,637012,0
4/12/2020,Chuquisaca,1,0,0,637013,1,0.015698267,0,637012,0
4/11/2020,Chuquisaca,1,0,0,637013,1,0.015698267,0,637012,0
4/10/2020,Chuquisaca,1,0,0,637013,1,0.015698267,0,637012,0
4/9/2020,Chuquisaca,1,0,0,637013,1,0.015698267,0,637012,0
4/8/2020,Chuquisaca,1,0,0,637013,1,0.015698267,0,637012,0
4/7/2020,Chuquisaca,1,0,0,637013,1,0.015698267,0,637012,0
4/6/2020,Chuquisaca,1,0,0,637013,1,0.015698267,0,637012,0
4/5/2020,Chuquisaca,1,0,0,637013,1,0.015698267,0,637012,0
4/4/2020,Chuquisaca,1,0,0,637013,1,0.015698267,0,637012,0
4/3/2020,Chuquisaca,1,0,0,637013,1,0.015698267,0,637012,0
4/2/2020,Chuquisaca,1,0,0,637013,1,0.015698267,0,637012,0
4/1/2020,Chuquisaca,1,0,0,637013,1,0.015698267,0,637012,0
3/31/2020,Chuquisaca,1,0,0,637013,1,0.015698267,0,637012,0
3/30/2020,Chuquisaca,1,0,0,637013,1,0.015698267,0,637012,0
3/29/2020,Chuquisaca,1,0,0,637013,1,0.015698267,0,637012,0
3/28/2020,Chuquisaca,1,0,0,637013,1,0.015698267,0,637012,0
3/27/2020,Chuquisaca,1,0,0,637013,1,0.015698267,0,637012,0
3/26/2020,Chuquisaca,0,0,0,637013,0,0,0,637013,0
3/25/2020,Chuquisaca,0,0,0,637013,0,0,0,637013,0
3/24/2020,Chuquisaca,0,0,0,637013,0,0,0,637013,0
3/23/2020,Chuquisaca,0,0,0,637013,0,0,0,637013,0
3/22/2020,Chuquisaca,0,0,0,637013,0,0,0,637013,0
3/21/2020,Chuquisaca,0,0,0,637013,0,0,0,637013,0
7/20/2020,Beni,5124,204,282,480308,4638,96.56303872,587.1232626,475184,486
7/19/2020,Beni,5092,202,281,480308,4609,95.95925948,585.0412652,475216,483
7/18/2020,Beni,5068,202,281,480308,4585,95.4595801,585.0412652,475240,483
7/17/2020,Beni,5040,202,280,480308,4558,94.89744081,582.9592678,475268,482
7/16/2020,Beni,5026,198,276,480308,4552,94.77252097,574.6312783,475282,474
7/15/2020,Beni,4957,190,276,480308,4491,93.50250256,574.6312783,475351,466
7/14/2020,Beni,4904,182,275,480308,4447,92.58642371,572.5492809,475404,457
7/13/2020,Beni,4861,179,273,480308,4409,91.79526471,568.3852861,475447,452
7/12/2020,Beni,4837,176,266,480308,4395,91.50378507,553.8113044,475471,442
7/11/2020,Beni,4811,173,263,480308,4375,91.08738559,547.5653123,475497,436
7/10/2020,Beni,4794,171,259,480308,4364,90.85836588,539.2373227,475514,430
7/9/2020,Beni,4695,161,257,480308,4277,89.04702816,535.0733279,475613,418
7/8/2020,Beni,4611,159,251,480308,4201,87.46471014,522.5813436,475697,410
7/7/2020,Beni,4435,156,248,480308,4031,83.92531459,516.3353515,475873,404
7/6/2020,Beni,4332,152,244,480308,3936,81.94741707,508.0073619,475976,396
7/5/2020,Beni,4275,150,241,480308,3884,80.86477843,501.7613698,476033,391
7/4/2020,Beni,4275,150,239,480308,3886,80.90641838,497.597375,476033,389
7/3/2020,Beni,4265,149,236,480308,3880,80.78149854,491.3513829,476043,385
7/2/2020,Beni,4203,147,233,480308,3823,79.59476003,485.1053907,476105,380
7/1/2020,Beni,4173,136,232,480308,3805,79.2200005,483.0233933,476135,368
6/30/2020,Beni,4119,131,230,480308,3758,78.24146173,478.8593986,476189,361
6/29/2020,Beni,4075,98,225,480308,3752,78.11654189,468.4494116,476233,323
6/28/2020,Beni,4041,98,218,480308,3725,77.55440259,453.8754299,476267,316
6/27/2020,Beni,3975,95,214,480308,3666,76.32602413,445.5474404,476333,309
6/26/2020,Beni,3934,88,212,480308,3634,75.65978497,441.3834456,476374,300
6/25/2020,Beni,3920,87,206,480308,3627,75.51404515,428.8914613,476388,293
6/24/2020,Beni,3887,80,203,480308,3604,75.03518576,422.6454692,476421,283
6/23/2020,Beni,3785,73,199,480308,3513,73.14056814,414.3174796,476523,272
6/22/2020,Beni,3679,65,191,480308,3423,71.26677049,397.6615005,476629,256
6/21/2020,Beni,3613,56,184,480308,3373,70.2257718,383.0875188,476695,240
6/20/2020,Beni,3581,56,178,480308,3347,69.68445248,370.5955345,476727,234
6/19/2020,Beni,3473,54,171,480308,3248,67.62327507,356.0215528,476835,225
6/18/2020,Beni,3326,53,167,480308,3106,64.66683878,347.6935633,476982,220
6/17/2020,Beni,3128,51,163,480308,2914,60.6694038,339.3655738,477180,214
6/16/2020,Beni,2994,48,163,480308,2783,57.94198722,339.3655738,477314,211
6/15/2020,Beni,2962,46,159,480308,2757,57.4006679,331.0375842,477346,205
6/14/2020,Beni,2954,46,152,480308,2756,57.37984793,316.4636025,477354,198
6/13/2020,Beni,2944,46,148,480308,2750,57.25492809,308.135613,477364,194
6/12/2020,Beni,2927,44,139,480308,2744,57.13000824,289.3976365,477381,183
6/11/2020,Beni,2809,35,137,480308,2637,54.90227104,285.2336417,477499,172
6/10/2020,Beni,2778,34,131,480308,2613,54.40259167,272.7416574,477530,165
6/9/2020,Beni,2692,26,126,480308,2540,52.88273358,262.3316705,477616,152
6/8/2020,Beni,2511,22,121,480308,2368,49.30169808,251.9216836,477797,143
6/7/2020,Beni,2511,22,121,480308,2368,49.30169808,251.9216836,477797,143
6/6/2020,Beni,2472,16,118,480308,2338,48.67709886,245.6756914,477836,134
6/5/2020,Beni,2428,15,114,480308,2299,47.86511988,237.3477019,477880,129
6/4/2020,Beni,2278,14,109,480308,2155,44.86704365,226.937715,478030,123
6/3/2020,Beni,2101,10,104,480308,1987,41.36928804,216.527728,478207,114
6/2/2020,Beni,1965,8,98,480308,1859,38.70433139,204.0357437,478343,106
6/1/2020,Beni,1885,8,92,480308,1785,37.16365332,191.5437594,478423,100
5/31/2020,Beni,1809,8,92,480308,1709,35.58133531,191.5437594,478499,100
5/30/2020,Beni,1707,8,89,480308,1610,33.5201579,185.2977673,478601,97
5/29/2020,Beni,1576,8,86,480308,1482,30.85520125,179.0517751,478732,94
5/28/2020,Beni,1506,8,84,480308,1414,29.43944302,174.8877803,478802,92
5/27/2020,Beni,1355,8,80,480308,1267,26.37890687,166.5597908,478953,88
5/26/2020,Beni,1242,8,77,480308,1157,24.08870974,160.3137986,479066,85
5/25/2020,Beni,1142,7,72,480308,1063,22.1316322,149.9038117,479166,79
5/24/2020,Beni,1097,4,71,480308,1022,21.27801327,147.8218143,479211,75
5/23/2020,Beni,1097,4,67,480308,1026,21.36129317,139.4938248,479211,71
5/22/2020,Beni,1015,4,66,480308,945,19.67487529,137.4118274,479293,70
5/21/2020,Beni,902,4,57,480308,841,17.50959801,118.6738509,479406,61
5/20/2020,Beni,833,4,54,480308,775,16.13547973,112.4278588,479475,58
5/19/2020,Beni,679,4,47,480308,628,13.07494358,97.8538771,479629,51
5/18/2020,Beni,581,4,41,480308,536,11.15950598,85.36189279,479727,45
5/17/2020,Beni,551,4,40,480308,507,10.55572674,83.2798954,479757,44
5/16/2020,Beni,551,4,39,480308,508,10.57654672,81.19789802,479757,43
5/15/2020,Beni,548,4,39,480308,505,10.51408679,81.19789802,479760,43
5/14/2020,Beni,509,1,35,480308,473,9.847847631,72.86990848,479799,36
5/13/2020,Beni,436,1,29,480308,406,8.452909383,60.37792417,479872,30
5/12/2020,Beni,389,1,26,480308,362,7.536830534,54.13193201,479919,27
5/11/2020,Beni,389,1,25,480308,363,7.557650508,52.04993463,479919,26
5/10/2020,Beni,314,1,23,480308,290,6.037792417,47.88593986,479994,24
5/9/2020,Beni,312,1,23,480308,288,5.996152469,47.88593986,479996,24
5/8/2020,Beni,312,1,19,480308,292,6.079432364,39.55795032,479996,20
5/7/2020,Beni,231,0,16,480308,215,4.476294378,33.31195816,480077,16
5/6/2020,Beni,212,0,8,480308,204,4.247274665,16.65597908,480096,8
5/5/2020,Beni,212,0,7,480308,205,4.268094639,14.5739817,480096,7
5/4/2020,Beni,212,0,6,480308,206,4.288914613,12.49198431,480096,6
5/3/2020,Beni,212,0,6,480308,206,4.288914613,12.49198431,480096,6
5/2/2020,Beni,191,0,4,480308,187,3.89333511,8.32798954,480117,4
5/1/2020,Beni,83,0,1,480308,82,1.707237856,2.081997385,480225,1
4/30/2020,Beni,67,0,1,480308,66,1.374118274,2.081997385,480241,1
4/29/2020,Beni,67,0,1,480308,66,1.374118274,2.081997385,480241,1
4/28/2020,Beni,63,0,1,480308,62,1.290838379,2.081997385,480245,1
4/27/2020,Beni,62,0,1,480308,61,1.270018405,2.081997385,480246,1
4/26/2020,Beni,57,0,1,480308,56,1.165918536,2.081997385,480251,1
4/25/2020,Beni,39,0,1,480308,38,0.791159006,2.081997385,480269,1
4/24/2020,Beni,33,0,1,480308,32,0.666239163,2.081997385,480275,1
4/23/2020,Beni,2,0,1,480308,1,0.020819974,2.081997385,480306,1
4/22/2020,Beni,2,0,1,480308,1,0.020819974,2.081997385,480306,1
4/21/2020,Beni,2,0,1,480308,1,0.020819974,2.081997385,480306,1
4/20/2020,Beni,2,0,0,480308,2,0.041639948,0,480306,0
4/19/2020,Beni,0,0,0,480308,0,0,0,480308,0
4/18/2020,Beni,0,0,0,480308,0,0,0,480308,0
4/17/2020,Beni,0,0,0,480308,0,0,0,480308,0
4/16/2020,Beni,0,0,0,480308,0,0,0,480308,0
4/15/2020,Beni,0,0,0,480308,0,0,0,480308,0
4/14/2020,Beni,0,0,0,480308,0,0,0,480308,0
4/13/2020,Beni,0,0,0,480308,0,0,0,480308,0
4/12/2020,Beni,0,0,0,480308,0,0,0,480308,0
4/11/2020,Beni,0,0,0,480308,0,0,0,480308,0
4/10/2020,Beni,0,0,0,480308,0,0,0,480308,0
4/9/2020,Beni,0,0,0,480308,0,0,0,480308,0
4/8/2020,Beni,0,0,0,480308,0,0,0,480308,0
4/7/2020,Beni,0,0,0,480308,0,0,0,480308,0
4/6/2020,Beni,0,0,0,480308,0,0,0,480308,0
4/5/2020,Beni,0,0,0,480308,0,0,0,480308,0
4/4/2020,Beni,0,0,0,480308,0,0,0,480308,0
4/3/2020,Beni,0,0,0,480308,0,0,0,480308,0
4/2/2020,Beni,0,0,0,480308,0,0,0,480308,0
4/1/2020,Beni,0,0,0,480308,0,0,0,480308,0
3/31/2020,Beni,0,0,0,480308,0,0,0,480308,0
3/30/2020,Beni,0,0,0,480308,0,0,0,480308,0
3/29/2020,Beni,0,0,0,480308,0,0,0,480308,0
3/28/2020,Beni,0,0,0,480308,0,0,0,480308,0
3/27/2020,Beni,0,0,0,480308,0,0,0,480308,0
3/26/2020,Beni,0,0,0,480308,0,0,0,480308,0
3/25/2020,Beni,0,0,0,480308,0,0,0,480308,0
3/24/2020,Beni,0,0,0,480308,0,0,0,480308,0
3/23/2020,Beni,0,0,0,480308,0,0,0,480308,0
3/22/2020,Beni,0,0,0,480308,0,0,0,480308,0
3/21/2020,Beni,0,0,0,480308,0,0,0,480308,0
7/20/2020,Pando,1212,86,98,154355,1028,66.59972142,634.900068,153143,184
7/19/2020,Pando,1204,78,94,154355,1032,66.85886431,608.9857795,153151,172
7/18/2020,Pando,1178,78,94,154355,1006,65.17443555,608.9857795,153177,172
7/17/2020,Pando,1057,57,87,154355,913,59.14936348,563.6357747,153298,144
7/16/2020,Pando,1045,47,83,154355,915,59.27893492,537.7214862,153310,130
7/15/2020,Pando,1045,40,78,154355,927,60.05636358,505.3286256,153310,118
7/14/2020,Pando,1045,37,69,154355,939,60.83379223,447.0214765,153310,106
7/13/2020,Pando,1045,19,65,154355,961,62.2590781,421.107188,153310,84
7/12/2020,Pando,1045,14,57,154355,974,63.10129248,369.278611,153310,71
7/11/2020,Pando,1026,14,56,154355,956,61.93514949,362.8000389,153329,70
7/10/2020,Pando,1026,14,56,154355,956,61.93514949,362.8000389,153329,70
7/9/2020,Pando,1026,14,54,154355,958,62.06472094,349.8428946,153329,68
7/8/2020,Pando,1026,14,54,154355,958,62.06472094,349.8428946,153329,68
7/7/2020,Pando,1026,14,54,154355,958,62.06472094,349.8428946,153329,68
7/6/2020,Pando,1006,14,54,154355,938,60.76900651,349.8428946,153349,68
7/5/2020,Pando,934,14,53,154355,867,56.1692203,343.3643225,153421,67
7/4/2020,Pando,808,14,53,154355,741,48.00621943,343.3643225,153547,67
7/3/2020,Pando,717,14,48,154355,655,42.4346474,310.9714619,153638,62
7/2/2020,Pando,713,14,47,154355,652,42.24029024,304.4928898,153642,61
7/1/2020,Pando,636,14,37,154355,585,37.89964692,239.7071685,153719,51
6/30/2020,Pando,568,14,27,154355,527,34.14207509,174.9214473,153787,41
6/29/2020,Pando,568,14,25,154355,529,34.27164653,161.9643031,153787,39
6/28/2020,Pando,567,14,25,154355,528,34.20686081,161.9643031,153788,39
6/27/2020,Pando,567,14,23,154355,530,34.33643225,149.0071588,153788,37
6/26/2020,Pando,562,14,22,154355,526,34.07728937,142.5285867,153793,36
6/25/2020,Pando,513,14,20,154355,479,31.03236047,129.5714425,153842,34
6/24/2020,Pando,507,14,18,154355,475,30.77321758,116.6142982,153848,32
6/23/2020,Pando,505,14,16,154355,475,30.77321758,103.657154,153850,30
6/22/2020,Pando,496,14,16,154355,466,30.19014609,103.657154,153859,30
6/21/2020,Pando,482,14,12,154355,456,29.54228888,77.74286547,153873,26
6/20/2020,Pando,476,14,12,154355,450,29.15357455,77.74286547,153879,26
6/19/2020,Pando,425,13,12,154355,400,25.91428849,77.74286547,153930,25
6/18/2020,Pando,409,13,12,154355,384,24.87771695,77.74286547,153946,25
6/17/2020,Pando,386,12,11,154355,363,23.51721681,71.26429335,153969,23
6/16/2020,Pando,315,12,8,154355,295,19.11178776,51.82857698,154040,20
6/15/2020,Pando,307,12,6,154355,289,18.72307343,38.87143274,154048,18
6/14/2020,Pando,286,12,6,154355,268,17.36257329,38.87143274,154069,18
6/13/2020,Pando,267,12,6,154355,249,16.13164459,38.87143274,154088,18
6/12/2020,Pando,238,12,6,154355,220,14.25285867,38.87143274,154117,18
6/11/2020,Pando,175,12,6,154355,157,10.17135823,38.87143274,154180,18
6/10/2020,Pando,130,12,4,154355,114,7.38557222,25.91428849,154225,16
6/9/2020,Pando,94,12,4,154355,78,5.053286256,25.91428849,154261,16
6/8/2020,Pando,65,12,3,154355,50,3.239286061,19.43571637,154290,15
6/7/2020,Pando,65,12,3,154355,50,3.239286061,19.43571637,154290,15
6/6/2020,Pando,47,11,2,154355,34,2.202714522,12.95714425,154308,13
6/5/2020,Pando,23,11,2,154355,10,0.647857212,12.95714425,154332,13
6/4/2020,Pando,23,11,2,154355,10,0.647857212,12.95714425,154332,13
6/3/2020,Pando,23,11,2,154355,10,0.647857212,12.95714425,154332,13
6/2/2020,Pando,14,11,1,154355,2,0.129571442,6.478572123,154341,12
6/1/2020,Pando,14,11,1,154355,2,0.129571442,6.478572123,154341,12
5/31/2020,Pando,14,11,1,154355,2,0.129571442,6.478572123,154341,12
5/30/2020,Pando,14,11,1,154355,2,0.129571442,6.478572123,154341,12
5/29/2020,Pando,14,11,1,154355,2,0.129571442,6.478572123,154341,12
5/28/2020,Pando,13,7,1,154355,5,0.323928606,6.478572123,154342,8
5/27/2020,Pando,13,7,1,154355,5,0.323928606,6.478572123,154342,8
5/26/2020,Pando,13,7,1,154355,5,0.323928606,6.478572123,154342,8
5/25/2020,Pando,13,7,1,154355,5,0.323928606,6.478572123,154342,8
5/24/2020,Pando,13,7,1,154355,5,0.323928606,6.478572123,154342,8
5/23/2020,Pando,12,7,1,154355,4,0.259142885,6.478572123,154343,8
5/22/2020,Pando,12,7,1,154355,4,0.259142885,6.478572123,154343,8
5/21/2020,Pando,12,7,1,154355,4,0.259142885,6.478572123,154343,8
5/20/2020,Pando,12,7,1,154355,4,0.259142885,6.478572123,154343,8
5/19/2020,Pando,12,7,1,154355,4,0.259142885,6.478572123,154343,8
5/18/2020,Pando,12,7,1,154355,4,0.259142885,6.478572123,154343,8
5/17/2020,Pando,12,7,1,154355,4,0.259142885,6.478572123,154343,8
5/16/2020,Pando,12,7,1,154355,4,0.259142885,6.478572123,154343,8
5/15/2020,Pando,12,7,1,154355,4,0.259142885,6.478572123,154343,8
5/14/2020,Pando,12,7,1,154355,4,0.259142885,6.478572123,154343,8
5/13/2020,Pando,12,7,1,154355,4,0.259142885,6.478572123,154343,8
5/12/2020,Pando,12,7,1,154355,4,0.259142885,6.478572123,154343,8
5/11/2020,Pando,12,7,1,154355,4,0.259142885,6.478572123,154343,8
5/10/2020,Pando,12,7,1,154355,4,0.259142885,6.478572123,154343,8
5/9/2020,Pando,12,7,1,154355,4,0.259142885,6.478572123,154343,8
5/8/2020,Pando,12,7,1,154355,4,0.259142885,6.478572123,154343,8
5/7/2020,Pando,12,6,1,154355,5,0.323928606,6.478572123,154343,7
5/6/2020,Pando,12,6,1,154355,5,0.323928606,6.478572123,154343,7
5/5/2020,Pando,12,6,1,154355,5,0.323928606,6.478572123,154343,7
5/4/2020,Pando,12,6,1,154355,5,0.323928606,6.478572123,154343,7
5/3/2020,Pando,12,6,1,154355,5,0.323928606,6.478572123,154343,7
5/2/2020,Pando,12,6,1,154355,5,0.323928606,6.478572123,154343,7
5/1/2020,Pando,12,6,1,154355,5,0.323928606,6.478572123,154343,7
4/30/2020,Pando,12,6,1,154355,5,0.323928606,6.478572123,154343,7
4/29/2020,Pando,12,6,1,154355,5,0.323928606,6.478572123,154343,7
4/28/2020,Pando,12,6,1,154355,5,0.323928606,6.478572123,154343,7
4/27/2020,Pando,12,6,1,154355,5,0.323928606,6.478572123,154343,7
4/26/2020,Pando,12,6,1,154355,5,0.323928606,6.478572123,154343,7
4/25/2020,Pando,12,6,1,154355,5,0.323928606,6.478572123,154343,7
4/24/2020,Pando,12,6,1,154355,5,0.323928606,6.478572123,154343,7
4/23/2020,Pando,12,0,1,154355,11,0.712642933,6.478572123,154343,1
4/22/2020,Pando,12,0,1,154355,11,0.712642933,6.478572123,154343,1
4/21/2020,Pando,12,0,1,154355,11,0.712642933,6.478572123,154343,1
4/20/2020,Pando,12,0,1,154355,11,0.712642933,6.478572123,154343,1
4/19/2020,Pando,12,0,1,154355,11,0.712642933,6.478572123,154343,1
4/18/2020,Pando,12,0,1,154355,11,0.712642933,6.478572123,154343,1
4/17/2020,Pando,12,0,0,154355,12,0.777428655,0,154343,0
4/16/2020,Pando,11,0,0,154355,11,0.712642933,0,154344,0
4/15/2020,Pando,11,0,0,154355,11,0.712642933,0,154344,0
4/14/2020,Pando,11,0,0,154355,11,0.712642933,0,154344,0
4/13/2020,Pando,11,0,0,154355,11,0.712642933,0,154344,0
4/12/2020,Pando,11,0,0,154355,11,0.712642933,0,154344,0
4/11/2020,Pando,11,0,0,154355,11,0.712642933,0,154344,0
4/10/2020,Pando,10,0,0,154355,10,0.647857212,0,154345,0
4/9/2020,Pando,10,0,0,154355,10,0.647857212,0,154345,0
4/8/2020,Pando,10,0,0,154355,10,0.647857212,0,154345,0
4/7/2020,Pando,10,0,0,154355,10,0.647857212,0,154345,0
4/6/2020,Pando,6,0,0,154355,6,0.388714327,0,154349,0
4/5/2020,Pando,6,0,0,154355,6,0.388714327,0,154349,0
4/4/2020,Pando,6,0,0,154355,6,0.388714327,0,154349,0
4/3/2020,Pando,6,0,0,154355,6,0.388714327,0,154349,0
4/2/2020,Pando,6,0,0,154355,6,0.388714327,0,154349,0
4/1/2020,Pando,4,0,0,154355,4,0.259142885,0,154351,0
3/31/2020,Pando,1,0,0,154355,1,0.064785721,0,154354,0
3/30/2020,Pando,1,0,0,154355,1,0.064785721,0,154354,0
3/29/2020,Pando,1,0,0,154355,1,0.064785721,0,154354,0
3/28/2020,Pando,1,0,0,154355,1,0.064785721,0,154354,0
3/27/2020,Pando,0,0,0,154355,0,0,0,154355,0
3/26/2020,Pando,0,0,0,154355,0,0,0,154355,0
3/25/2020,Pando,0,0,0,154355,0,0,0,154355,0
3/24/2020,Pando,0,0,0,154355,0,0,0,154355,0
3/23/2020,Pando,0,0,0,154355,0,0,0,154355,0
3/22/2020,Pando,0,0,0,154355,0,0,0,154355,0
3/21/2020,Pando,0,0,0,154355,0,0,0,154355,0
